2025-12-10T00:35:18.498+05:00  WARN 79788 --- [User-service] [HikariPool-1:housekeeper] [                                                 ] com.zaxxer.hikari.pool.HikariPool        : HikariPool-1 - Thread starvation or clock leap detected (housekeeper delta=28m8s43ms).
2025-12-10T00:58:11.527+05:00  WARN 79788 --- [User-service] [HikariPool-1:housekeeper] [                                                 ] com.zaxxer.hikari.pool.HikariPool        : HikariPool-1 - Thread starvation or clock leap detected (housekeeper delta=52s813ms).
2025-12-10T01:41:53.224+05:00  WARN 79788 --- [User-service] [HikariPool-1:housekeeper] [                                                 ] com.zaxxer.hikari.pool.HikariPool        : HikariPool-1 - Thread starvation or clock leap detected (housekeeper delta=17m11s563ms).
2025-12-10T03:06:21.514+05:00  WARN 79788 --- [User-service] [HikariPool-1:housekeeper] [                                                 ] com.zaxxer.hikari.pool.HikariPool        : HikariPool-1 - Thread starvation or clock leap detected (housekeeper delta=1h24m28s289ms).
2025-12-10T03:26:22.917+05:00  WARN 79788 --- [User-service] [HikariPool-1:housekeeper] [                                                 ] com.zaxxer.hikari.pool.HikariPool        : HikariPool-1 - Thread starvation or clock leap detected (housekeeper delta=20m1s405ms).
2025-12-10T03:43:42.990+05:00  WARN 79788 --- [User-service] [HikariPool-1:housekeeper] [                                                 ] com.zaxxer.hikari.pool.HikariPool        : HikariPool-1 - Thread starvation or clock leap detected (housekeeper delta=17m20s73ms).
2025-12-10T05:06:52.533+05:00  WARN 79788 --- [User-service] [HikariPool-1:housekeeper] [                                                 ] com.zaxxer.hikari.pool.HikariPool        : HikariPool-1 - Thread starvation or clock leap detected (housekeeper delta=1h23m9s543ms).
2025-12-10T05:23:28.814+05:00  WARN 79788 --- [User-service] [HikariPool-1:housekeeper] [                                                 ] com.zaxxer.hikari.pool.HikariPool        : HikariPool-1 - Thread starvation or clock leap detected (housekeeper delta=16m36s281ms).
2025-12-10T06:12:50.428+05:00  WARN 79788 --- [User-service] [HikariPool-1:housekeeper] [                                                 ] com.zaxxer.hikari.pool.HikariPool        : HikariPool-1 - Thread starvation or clock leap detected (housekeeper delta=49m21s614ms).
2025-12-10T07:18:02.888+05:00  WARN 79788 --- [User-service] [HikariPool-1:housekeeper] [                                                 ] com.zaxxer.hikari.pool.HikariPool        : HikariPool-1 - Thread starvation or clock leap detected (housekeeper delta=1h5m12s459ms).
2025-12-10T07:23:14.324+05:00  WARN 79788 --- [User-service] [HikariPool-1:housekeeper] [                                                 ] com.zaxxer.hikari.pool.HikariPool        : HikariPool-1 - Thread starvation or clock leap detected (housekeeper delta=5m11s437ms).
2025-12-10T08:12:37.250+05:00  WARN 79788 --- [User-service] [HikariPool-1:housekeeper] [                                                 ] com.zaxxer.hikari.pool.HikariPool        : HikariPool-1 - Thread starvation or clock leap detected (housekeeper delta=49m22s925ms).
2025-12-10T09:22:47.184+05:00  WARN 79788 --- [User-service] [HikariPool-1:housekeeper] [                                                 ] com.zaxxer.hikari.pool.HikariPool        : HikariPool-1 - Thread starvation or clock leap detected (housekeeper delta=1h10m9s935ms).
2025-12-10T10:11:08.281+05:00  WARN 79788 --- [User-service] [HikariPool-1:housekeeper] [                                                 ] com.zaxxer.hikari.pool.HikariPool        : HikariPool-1 - Thread starvation or clock leap detected (housekeeper delta=48m21s97ms).
2025-12-10T10:21:57.597+05:00  WARN 79788 --- [User-service] [HikariPool-1:housekeeper] [                                                 ] com.zaxxer.hikari.pool.HikariPool        : HikariPool-1 - Thread starvation or clock leap detected (housekeeper delta=10m49s315ms).
2025-12-10T11:18:58.761+05:00  WARN 79788 --- [User-service] [HikariPool-1:housekeeper] [                                                 ] com.zaxxer.hikari.pool.HikariPool        : HikariPool-1 - Thread starvation or clock leap detected (housekeeper delta=53m1s120ms).
2025-12-10T11:51:35.824+05:00  WARN 79788 --- [User-service] [HikariPool-1:housekeeper] [                                                 ] com.zaxxer.hikari.pool.HikariPool        : HikariPool-1 - Thread starvation or clock leap detected (housekeeper delta=32m37s63ms).
2025-12-10T12:06:28.199+05:00  WARN 79788 --- [User-service] [HikariPool-1:housekeeper] [                                                 ] com.zaxxer.hikari.pool.HikariPool        : HikariPool-1 - Thread starvation or clock leap detected (housekeeper delta=14m52s374ms).
2025-12-10T14:34:57.798+05:00  WARN 79788 --- [User-service] [HikariPool-1:housekeeper] [                                                 ] com.zaxxer.hikari.pool.HikariPool        : HikariPool-1 - Thread starvation or clock leap detected (housekeeper delta=4m58s378ms).
2025-12-10T15:20:32.439+05:00  WARN 79788 --- [User-service] [HikariPool-1:housekeeper] [                                                 ] com.zaxxer.hikari.pool.HikariPool        : HikariPool-1 - Thread starvation or clock leap detected (housekeeper delta=1m34s335ms).
2025-12-10T15:40:10.696+05:00  INFO 79788 --- [User-service] [SpringApplicationShutdownHook] [                                                 ] o.s.b.w.e.tomcat.GracefulShutdown        : Commencing graceful shutdown. Waiting for active requests to complete
2025-12-10T15:40:10.714+05:00  INFO 79788 --- [User-service] [tomcat-shutdown] [                                                 ] o.s.b.w.e.tomcat.GracefulShutdown        : Graceful shutdown complete
2025-12-10T15:40:10.759+05:00  INFO 79788 --- [User-service] [SpringApplicationShutdownHook] [                                                 ] j.LocalContainerEntityManagerFactoryBean : Closing JPA EntityManagerFactory for persistence unit 'default'
2025-12-10T15:40:10.775+05:00  INFO 79788 --- [User-service] [SpringApplicationShutdownHook] [                                                 ] com.zaxxer.hikari.HikariDataSource       : HikariPool-1 - Shutdown initiated...
2025-12-10T15:40:10.777+05:00  INFO 79788 --- [User-service] [SpringApplicationShutdownHook] [                                                 ] com.zaxxer.hikari.HikariDataSource       : HikariPool-1 - Shutdown completed.
2025-12-10T15:40:26.466+05:00  INFO 34778 --- [User-service] [main] [                                                 ] t.w.userservice.UserServiceApplication   : Starting UserServiceApplication using Java 17.0.16 with PID 34778 (/Users/germancerkasov/Downloads/user-service-main/target/classes started by germancerkasov in /Users/germancerkasov/Downloads/user-service-main)
2025-12-10T15:40:26.468+05:00 DEBUG 34778 --- [User-service] [main] [                                                 ] t.w.userservice.UserServiceApplication   : Running with Spring Boot v3.5.7, Spring v6.2.12
2025-12-10T15:40:26.469+05:00  INFO 34778 --- [User-service] [main] [                                                 ] t.w.userservice.UserServiceApplication   : No active profile set, falling back to 1 default profile: "default"
2025-12-10T15:40:27.070+05:00  INFO 34778 --- [User-service] [main] [                                                 ] .s.d.r.c.RepositoryConfigurationDelegate : Bootstrapping Spring Data JPA repositories in DEFAULT mode.
2025-12-10T15:40:27.095+05:00  INFO 34778 --- [User-service] [main] [                                                 ] .s.d.r.c.RepositoryConfigurationDelegate : Finished Spring Data repository scanning in 20 ms. Found 1 JPA repository interface.
2025-12-10T15:40:27.379+05:00  INFO 34778 --- [User-service] [main] [                                                 ] o.s.b.w.embedded.tomcat.TomcatWebServer  : Tomcat initialized with port 8080 (https)
2025-12-10T15:40:27.388+05:00  INFO 34778 --- [User-service] [main] [                                                 ] o.apache.catalina.core.StandardService   : Starting service [Tomcat]
2025-12-10T15:40:27.389+05:00  INFO 34778 --- [User-service] [main] [                                                 ] o.apache.catalina.core.StandardEngine    : Starting Servlet engine: [Apache Tomcat/10.1.48]
2025-12-10T15:40:27.414+05:00  INFO 34778 --- [User-service] [main] [                                                 ] o.a.c.c.C.[Tomcat].[localhost].[/]       : Initializing Spring embedded WebApplicationContext
2025-12-10T15:40:27.414+05:00  INFO 34778 --- [User-service] [main] [                                                 ] w.s.c.ServletWebServerApplicationContext : Root WebApplicationContext: initialization completed in 920 ms
2025-12-10T15:40:27.569+05:00  WARN 34778 --- [User-service] [main] [                                                 ] JpaBaseConfiguration$JpaWebConfiguration : spring.jpa.open-in-view is enabled by default. Therefore, database queries may be performed during view rendering. Explicitly configure spring.jpa.open-in-view to disable this warning
2025-12-10T15:40:27.607+05:00  INFO 34778 --- [User-service] [main] [                                                 ] o.hibernate.jpa.internal.util.LogHelper  : HHH000204: Processing PersistenceUnitInfo [name: default]
2025-12-10T15:40:27.633+05:00  INFO 34778 --- [User-service] [main] [                                                 ] org.hibernate.Version                    : HHH000412: Hibernate ORM core version 6.6.33.Final
2025-12-10T15:40:27.648+05:00  INFO 34778 --- [User-service] [main] [                                                 ] o.h.c.internal.RegionFactoryInitiator    : HHH000026: Second-level cache disabled
2025-12-10T15:40:27.757+05:00  INFO 34778 --- [User-service] [main] [                                                 ] o.s.o.j.p.SpringPersistenceUnitInfo      : No LoadTimeWeaver setup: ignoring JPA class transformer
2025-12-10T15:40:27.768+05:00  INFO 34778 --- [User-service] [main] [                                                 ] com.zaxxer.hikari.HikariDataSource       : HikariPool-1 - Starting...
2025-12-10T15:40:27.858+05:00  INFO 34778 --- [User-service] [main] [                                                 ] com.zaxxer.hikari.pool.HikariPool        : HikariPool-1 - Added connection org.postgresql.jdbc.PgConnection@6f2864c3
2025-12-10T15:40:27.858+05:00  INFO 34778 --- [User-service] [main] [                                                 ] com.zaxxer.hikari.HikariDataSource       : HikariPool-1 - Start completed.
2025-12-10T15:40:27.880+05:00  WARN 34778 --- [User-service] [main] [                                                 ] org.hibernate.orm.deprecation            : HHH90000025: PostgreSQLDialect does not need to be specified explicitly using 'hibernate.dialect' (remove the property setting and it will be selected by default)
2025-12-10T15:40:27.890+05:00  INFO 34778 --- [User-service] [main] [                                                 ] org.hibernate.orm.connections.pooling    : HHH10001005: Database info:
	Database JDBC URL [Connecting through datasource 'HikariDataSource (HikariPool-1)']
	Database driver: undefined/unknown
	Database version: 15.14
	Autocommit mode: undefined/unknown
	Isolation level: undefined/unknown
	Minimum pool size: undefined/unknown
	Maximum pool size: undefined/unknown
2025-12-10T15:40:28.172+05:00  INFO 34778 --- [User-service] [main] [                                                 ] o.h.e.t.j.p.i.JtaPlatformInitiator       : HHH000489: No JTA platform available (set 'hibernate.transaction.jta.platform' to enable JTA platform integration)
2025-12-10T15:40:28.222+05:00  INFO 34778 --- [User-service] [main] [                                                 ] j.LocalContainerEntityManagerFactoryBean : Initialized JPA EntityManagerFactory for persistence unit 'default'
2025-12-10T15:40:28.264+05:00 DEBUG 34778 --- [User-service] [main] [                                                 ] .m.m.a.ExceptionHandlerExceptionResolver : ControllerAdvice beans: 2 @ExceptionHandler, 1 ResponseBodyAdvice
2025-12-10T15:40:28.387+05:00 DEBUG 34778 --- [User-service] [main] [                                                 ] t.w.u.config.JwtAuthenticationFilter     : Filter 'jwtAuthenticationFilter' configured for use
2025-12-10T15:40:28.387+05:00 DEBUG 34778 --- [User-service] [main] [                                                 ] o.s.w.f.ServerHttpObservationFilter      : Filter 'webMvcObservationFilter' configured for use
2025-12-10T15:40:28.411+05:00  INFO 34778 --- [User-service] [main] [                                                 ] eAuthenticationProviderManagerConfigurer : Global AuthenticationManager configured with AuthenticationProvider bean with name authenticationProvider
2025-12-10T15:40:28.411+05:00  WARN 34778 --- [User-service] [main] [                                                 ] r$InitializeUserDetailsManagerConfigurer : Global AuthenticationManager configured with an AuthenticationProvider bean. UserDetailsService beans will not be used by Spring Security for automatically configuring username/password login. Consider removing the AuthenticationProvider bean. Alternatively, consider using the UserDetailsService in a manually instantiated DaoAuthenticationProvider. If the current configuration is intentional, to turn off this warning, increase the logging level of 'org.springframework.security.config.annotation.authentication.configuration.InitializeUserDetailsBeanManagerConfigurer' to ERROR
2025-12-10T15:40:28.495+05:00 DEBUG 34778 --- [User-service] [main] [                                                 ] s.w.s.m.m.a.RequestMappingHandlerMapping : 19 mappings in 'requestMappingHandlerMapping'
2025-12-10T15:40:28.506+05:00 DEBUG 34778 --- [User-service] [main] [                                                 ] o.s.w.s.handler.SimpleUrlHandlerMapping  : Patterns [/webjars/**, /**, /swagger-ui*/*swagger-initializer.js, /swagger-ui*/**] in 'resourceHandlerMapping'
2025-12-10T15:40:28.539+05:00  INFO 34778 --- [User-service] [main] [                                                 ] o.s.b.a.e.web.EndpointLinksResolver      : Exposing 2 endpoints beneath base path '/actuator'
2025-12-10T15:40:28.599+05:00 DEBUG 34778 --- [User-service] [main] [                                                 ] o.s.s.web.DefaultSecurityFilterChain     : Will secure any request with filters: DisableEncodeUrlFilter, WebAsyncManagerIntegrationFilter, SecurityContextHolderFilter, HeaderWriterFilter, LogoutFilter, JwtAuthenticationFilter, RequestCacheAwareFilter, SecurityContextHolderAwareRequestFilter, AnonymousAuthenticationFilter, SessionManagementFilter, ExceptionTranslationFilter, AuthorizationFilter
2025-12-10T15:40:28.631+05:00 DEBUG 34778 --- [User-service] [main] [                                                 ] s.w.s.m.m.a.RequestMappingHandlerAdapter : ControllerAdvice beans: 0 @ModelAttribute, 0 @InitBinder, 1 RequestBodyAdvice, 1 ResponseBodyAdvice
2025-12-10T15:40:28.781+05:00  INFO 34778 --- [User-service] [main] [                                                 ] o.a.t.util.net.NioEndpoint.certificate   : Connector [https-jsse-nio-8080], TLS virtual host [_default_], certificate type [UNDEFINED] configured from keystore [/Users/germancerkasov/.keystore] using alias [tomcat] with trust store [null]
2025-12-10T15:40:28.784+05:00  INFO 34778 --- [User-service] [main] [                                                 ] o.s.b.w.embedded.tomcat.TomcatWebServer  : Tomcat started on port 8080 (https) with context path '/'
2025-12-10T15:40:28.793+05:00  INFO 34778 --- [User-service] [main] [                                                 ] t.w.userservice.UserServiceApplication   : Started UserServiceApplication in 2.698 seconds (process running for 2.939)
2025-12-10T15:59:28.486+05:00  WARN 34778 --- [User-service] [HikariPool-1:housekeeper] [                                                 ] com.zaxxer.hikari.pool.HikariPool        : HikariPool-1 - Thread starvation or clock leap detected (housekeeper delta=2m30s210ms).
2025-12-10T17:13:52.766+05:00  INFO 34778 --- [User-service] [https-jsse-nio-8080-exec-6] [                                                 ] o.a.c.c.C.[Tomcat].[localhost].[/]       : Initializing Spring DispatcherServlet 'dispatcherServlet'
2025-12-10T17:13:52.767+05:00  INFO 34778 --- [User-service] [https-jsse-nio-8080-exec-6] [                                                 ] o.s.web.servlet.DispatcherServlet        : Initializing Servlet 'dispatcherServlet'
2025-12-10T17:13:52.769+05:00 DEBUG 34778 --- [User-service] [https-jsse-nio-8080-exec-6] [                                                 ] o.s.web.servlet.DispatcherServlet        : Detected StandardServletMultipartResolver
2025-12-10T17:13:52.769+05:00 DEBUG 34778 --- [User-service] [https-jsse-nio-8080-exec-6] [                                                 ] o.s.web.servlet.DispatcherServlet        : Detected AcceptHeaderLocaleResolver
2025-12-10T17:13:52.769+05:00 DEBUG 34778 --- [User-service] [https-jsse-nio-8080-exec-6] [                                                 ] o.s.web.servlet.DispatcherServlet        : Detected FixedThemeResolver
2025-12-10T17:13:52.788+05:00 DEBUG 34778 --- [User-service] [https-jsse-nio-8080-exec-6] [                                                 ] o.s.web.servlet.DispatcherServlet        : Detected org.springframework.web.servlet.view.DefaultRequestToViewNameTranslator@59ffb0af
2025-12-10T17:13:52.789+05:00 DEBUG 34778 --- [User-service] [https-jsse-nio-8080-exec-6] [                                                 ] o.s.web.servlet.DispatcherServlet        : Detected org.springframework.web.servlet.support.SessionFlashMapManager@2a12048d
2025-12-10T17:13:52.789+05:00 DEBUG 34778 --- [User-service] [https-jsse-nio-8080-exec-6] [                                                 ] o.s.web.servlet.DispatcherServlet        : enableLoggingRequestDetails='false': request parameters and headers will be masked to prevent unsafe logging of potentially sensitive data
2025-12-10T17:13:52.790+05:00  INFO 34778 --- [User-service] [https-jsse-nio-8080-exec-6] [                                                 ] o.s.web.servlet.DispatcherServlet        : Completed initialization in 22 ms
2025-12-10T17:13:52.822+05:00 DEBUG 34778 --- [User-service] [https-jsse-nio-8080-exec-6] [6939640003dcf019abacf495771f362b-db9eb92f811aefc5] o.s.security.web.FilterChainProxy        : Securing POST /auth/login
2025-12-10T17:13:52.832+05:00 DEBUG 34778 --- [User-service] [https-jsse-nio-8080-exec-6] [6939640003dcf019abacf495771f362b-a528bc3efd1f7d32] o.s.s.w.a.AnonymousAuthenticationFilter  : Set SecurityContextHolder to anonymous SecurityContext
2025-12-10T17:13:52.842+05:00 DEBUG 34778 --- [User-service] [https-jsse-nio-8080-exec-6] [6939640003dcf019abacf495771f362b-728a991d7dbc46a3] o.s.security.web.FilterChainProxy        : Secured POST /auth/login
2025-12-10T17:13:52.844+05:00 DEBUG 34778 --- [User-service] [https-jsse-nio-8080-exec-6] [6939640003dcf019abacf495771f362b-728a991d7dbc46a3] o.s.web.servlet.DispatcherServlet        : POST "/auth/login", parameters={}
2025-12-10T17:13:52.845+05:00 DEBUG 34778 --- [User-service] [https-jsse-nio-8080-exec-6] [6939640003dcf019abacf495771f362b-728a991d7dbc46a3] s.w.s.m.m.a.RequestMappingHandlerMapping : Mapped to test.weewee.userservice.controller.AuthenticationController#login(LoginRequest)
2025-12-10T17:13:52.910+05:00 DEBUG 34778 --- [User-service] [https-jsse-nio-8080-exec-6] [6939640003dcf019abacf495771f362b-728a991d7dbc46a3] m.m.a.RequestResponseBodyMethodProcessor : Read "application/json;charset=UTF-8" to [LoginRequest(email=boga@gmail.com, password=Password123!)]
2025-12-10T17:13:52.934+05:00  INFO 34778 --- [User-service] [https-jsse-nio-8080-exec-6] [6939640003dcf019abacf495771f362b-728a991d7dbc46a3] t.w.u.c.AuthenticationController         : POST /auth/login - login attempt for: boga@gmail.com
2025-12-10T17:13:52.935+05:00  INFO 34778 --- [User-service] [https-jsse-nio-8080-exec-6] [6939640003dcf019abacf495771f362b-728a991d7dbc46a3] t.w.u.service.AuthenticationService      : Authentication attempt for user: boga@gmail.com
2025-12-10T17:13:53.033+05:00 DEBUG 34778 --- [User-service] [https-jsse-nio-8080-exec-6] [6939640003dcf019abacf495771f362b-728a991d7dbc46a3] org.hibernate.SQL                        : 
    select
        u1_0.id,
        u1_0.created_at,
        u1_0.email,
        u1_0.first_name,
        u1_0.last_name,
        u1_0.password,
        u1_0.phone,
        u1_0.role,
        u1_0.updated_at 
    from
        users u1_0 
    where
        u1_0.email=?
2025-12-10T17:13:53.145+05:00 DEBUG 34778 --- [User-service] [https-jsse-nio-8080-exec-6] [6939640003dcf019abacf495771f362b-728a991d7dbc46a3] org.hibernate.SQL                        : 
    select
        u1_0.id,
        u1_0.created_at,
        u1_0.email,
        u1_0.first_name,
        u1_0.last_name,
        u1_0.password,
        u1_0.phone,
        u1_0.role,
        u1_0.updated_at 
    from
        users u1_0 
    where
        u1_0.email=?
2025-12-10T17:13:53.227+05:00 DEBUG 34778 --- [User-service] [https-jsse-nio-8080-exec-6] [6939640003dcf019abacf495771f362b-728a991d7dbc46a3] o.s.s.a.dao.DaoAuthenticationProvider    : Authenticated user
2025-12-10T17:13:53.228+05:00 DEBUG 34778 --- [User-service] [https-jsse-nio-8080-exec-6] [6939640003dcf019abacf495771f362b-728a991d7dbc46a3] t.w.u.service.AuthenticationService      : Spring Security authentication successful for: boga@gmail.com
2025-12-10T17:13:53.228+05:00 DEBUG 34778 --- [User-service] [https-jsse-nio-8080-exec-6] [6939640003dcf019abacf495771f362b-728a991d7dbc46a3] t.weewee.userservice.security.JwtUtil    : Generating access token for user: c6163b0f-410e-4757-b603-16f2c7b0c632 with role: USER
2025-12-10T17:13:53.251+05:00 DEBUG 34778 --- [User-service] [https-jsse-nio-8080-exec-6] [6939640003dcf019abacf495771f362b-728a991d7dbc46a3] t.weewee.userservice.security.JwtUtil    : === ACCESS TOKEN GENERATED ===
2025-12-10T17:13:53.251+05:00 DEBUG 34778 --- [User-service] [https-jsse-nio-8080-exec-6] [6939640003dcf019abacf495771f362b-728a991d7dbc46a3] t.weewee.userservice.security.JwtUtil    : For user ID: c6163b0f-410e-4757-b603-16f2c7b0c632 with role: USER
2025-12-10T17:13:53.251+05:00 DEBUG 34778 --- [User-service] [https-jsse-nio-8080-exec-6] [6939640003dcf019abacf495771f362b-728a991d7dbc46a3] t.weewee.userservice.security.JwtUtil    : Token: eyJhbGciOiJIUzUxMiJ9.eyJzdWIiOiJjNjE2M2IwZi00MTBlL...
2025-12-10T17:13:53.251+05:00 DEBUG 34778 --- [User-service] [https-jsse-nio-8080-exec-6] [6939640003dcf019abacf495771f362b-728a991d7dbc46a3] t.weewee.userservice.security.JwtUtil    : Length: 234
2025-12-10T17:13:53.251+05:00 DEBUG 34778 --- [User-service] [https-jsse-nio-8080-exec-6] [6939640003dcf019abacf495771f362b-728a991d7dbc46a3] t.weewee.userservice.security.JwtUtil    : Expires in: 3600000 ms
2025-12-10T17:13:53.251+05:00 DEBUG 34778 --- [User-service] [https-jsse-nio-8080-exec-6] [6939640003dcf019abacf495771f362b-728a991d7dbc46a3] t.weewee.userservice.security.JwtUtil    : Generating refresh token for user: c6163b0f-410e-4757-b603-16f2c7b0c632
2025-12-10T17:13:53.252+05:00 DEBUG 34778 --- [User-service] [https-jsse-nio-8080-exec-6] [6939640003dcf019abacf495771f362b-728a991d7dbc46a3] t.weewee.userservice.security.JwtUtil    : Generated refresh token: eyJhbGciOiJIUzUxMiJ9... (length: 215)
2025-12-10T17:13:53.252+05:00  INFO 34778 --- [User-service] [https-jsse-nio-8080-exec-6] [6939640003dcf019abacf495771f362b-728a991d7dbc46a3] t.w.u.service.AuthenticationService      : Successful authentication for user: boga@gmail.com
2025-12-10T17:13:53.252+05:00 DEBUG 34778 --- [User-service] [https-jsse-nio-8080-exec-6] [6939640003dcf019abacf495771f362b-728a991d7dbc46a3] t.weewee.userservice.security.JwtUtil    : Validating token: eyJhbGciOiJIUzUxMiJ9.eyJzdWIiO...
2025-12-10T17:13:53.264+05:00 DEBUG 34778 --- [User-service] [https-jsse-nio-8080-exec-6] [6939640003dcf019abacf495771f362b-728a991d7dbc46a3] t.weewee.userservice.security.JwtUtil    : Token validation successful
2025-12-10T17:13:53.264+05:00 DEBUG 34778 --- [User-service] [https-jsse-nio-8080-exec-6] [6939640003dcf019abacf495771f362b-728a991d7dbc46a3] t.w.userservice.service.CookieService    : Creating cookie: refreshToken (secure: true)
2025-12-10T17:13:53.265+05:00 DEBUG 34778 --- [User-service] [https-jsse-nio-8080-exec-6] [6939640003dcf019abacf495771f362b-728a991d7dbc46a3] t.w.userservice.service.CookieService    : Cookie created: path=/, secure=true, httpOnly=true, sameSite=None, maxAge=604800
2025-12-10T17:13:53.271+05:00  INFO 34778 --- [User-service] [https-jsse-nio-8080-exec-6] [6939640003dcf019abacf495771f362b-728a991d7dbc46a3] t.w.u.c.AuthenticationController         : Login successful for: boga@gmail.com
2025-12-10T17:13:53.282+05:00 DEBUG 34778 --- [User-service] [https-jsse-nio-8080-exec-6] [6939640003dcf019abacf495771f362b-728a991d7dbc46a3] o.s.w.s.m.m.a.HttpEntityMethodProcessor  : Using 'application/json', given [*/*] and supported [application/json, application/*+json, application/yaml]
2025-12-10T17:13:53.284+05:00 DEBUG 34778 --- [User-service] [https-jsse-nio-8080-exec-6] [6939640003dcf019abacf495771f362b-728a991d7dbc46a3] o.s.w.s.m.m.a.HttpEntityMethodProcessor  : Writing [LoginResponse(user=UserResponse(id=c6163b0f-410e-4757-b603-16f2c7b0c632, email=boga@gmail.com, first (truncated)...]
2025-12-10T17:13:53.289+05:00 DEBUG 34778 --- [User-service] [https-jsse-nio-8080-exec-6] [6939640003dcf019abacf495771f362b-728a991d7dbc46a3] o.s.web.servlet.DispatcherServlet        : Completed 200 OK
2025-12-10T17:14:05.994+05:00 DEBUG 34778 --- [User-service] [https-jsse-nio-8080-exec-7] [6939640d351223a168a7cceb10259a4d-bcead1372851a734] o.s.security.web.FilterChainProxy        : Securing POST /auth/login
2025-12-10T17:14:05.996+05:00 DEBUG 34778 --- [User-service] [https-jsse-nio-8080-exec-7] [6939640d351223a168a7cceb10259a4d-e61024e5ddad3144] o.s.s.w.a.AnonymousAuthenticationFilter  : Set SecurityContextHolder to anonymous SecurityContext
2025-12-10T17:14:05.997+05:00 DEBUG 34778 --- [User-service] [https-jsse-nio-8080-exec-7] [6939640d351223a168a7cceb10259a4d-1a60356538b41524] o.s.security.web.FilterChainProxy        : Secured POST /auth/login
2025-12-10T17:14:05.997+05:00 DEBUG 34778 --- [User-service] [https-jsse-nio-8080-exec-7] [6939640d351223a168a7cceb10259a4d-1a60356538b41524] o.s.web.servlet.DispatcherServlet        : POST "/auth/login", parameters={}
2025-12-10T17:14:05.998+05:00 DEBUG 34778 --- [User-service] [https-jsse-nio-8080-exec-7] [6939640d351223a168a7cceb10259a4d-1a60356538b41524] s.w.s.m.m.a.RequestMappingHandlerMapping : Mapped to test.weewee.userservice.controller.AuthenticationController#login(LoginRequest)
2025-12-10T17:14:06.001+05:00 DEBUG 34778 --- [User-service] [https-jsse-nio-8080-exec-7] [6939640d351223a168a7cceb10259a4d-1a60356538b41524] m.m.a.RequestResponseBodyMethodProcessor : Read "application/json;charset=UTF-8" to [LoginRequest(email=boga1@gmail.com, password=Password123!)]
2025-12-10T17:14:06.004+05:00  INFO 34778 --- [User-service] [https-jsse-nio-8080-exec-7] [6939640d351223a168a7cceb10259a4d-1a60356538b41524] t.w.u.c.AuthenticationController         : POST /auth/login - login attempt for: boga1@gmail.com
2025-12-10T17:14:06.005+05:00  INFO 34778 --- [User-service] [https-jsse-nio-8080-exec-7] [6939640d351223a168a7cceb10259a4d-1a60356538b41524] t.w.u.service.AuthenticationService      : Authentication attempt for user: boga1@gmail.com
2025-12-10T17:14:06.008+05:00 DEBUG 34778 --- [User-service] [https-jsse-nio-8080-exec-7] [6939640d351223a168a7cceb10259a4d-1a60356538b41524] org.hibernate.SQL                        : 
    select
        u1_0.id,
        u1_0.created_at,
        u1_0.email,
        u1_0.first_name,
        u1_0.last_name,
        u1_0.password,
        u1_0.phone,
        u1_0.role,
        u1_0.updated_at 
    from
        users u1_0 
    where
        u1_0.email=?
2025-12-10T17:14:06.016+05:00  WARN 34778 --- [User-service] [https-jsse-nio-8080-exec-7] [6939640d351223a168a7cceb10259a4d-1a60356538b41524] t.w.u.service.AuthenticationService      : Authentication failed - user not found: boga1@gmail.com
2025-12-10T17:14:06.017+05:00 ERROR 34778 --- [User-service] [https-jsse-nio-8080-exec-7] [6939640d351223a168a7cceb10259a4d-1a60356538b41524] t.w.u.c.AuthenticationController         : Login failed for: boga1@gmail.com

test.weewee.userservice.exception.AuthException: Пользователь с таким email не найден
	at test.weewee.userservice.service.AuthenticationService.lambda$0(AuthenticationService.java:67) ~[classes/:na]
	at java.base/java.util.Optional.orElseThrow(Optional.java:403) ~[na:na]
	at test.weewee.userservice.service.AuthenticationService.authenticate(AuthenticationService.java:65) ~[classes/:na]
	at java.base/jdk.internal.reflect.NativeMethodAccessorImpl.invoke0(Native Method) ~[na:na]
	at java.base/jdk.internal.reflect.NativeMethodAccessorImpl.invoke(NativeMethodAccessorImpl.java:77) ~[na:na]
	at java.base/jdk.internal.reflect.DelegatingMethodAccessorImpl.invoke(DelegatingMethodAccessorImpl.java:43) ~[na:na]
	at java.base/java.lang.reflect.Method.invoke(Method.java:569) ~[na:na]
	at org.springframework.aop.support.AopUtils.invokeJoinpointUsingReflection(AopUtils.java:360) ~[spring-aop-6.2.12.jar:6.2.12]
	at org.springframework.aop.framework.CglibAopProxy$DynamicAdvisedInterceptor.intercept(CglibAopProxy.java:724) ~[spring-aop-6.2.12.jar:6.2.12]
	at test.weewee.userservice.service.AuthenticationService$$SpringCGLIB$$0.authenticate(<generated>) ~[classes/:na]
	at test.weewee.userservice.controller.AuthenticationController.login(AuthenticationController.java:74) ~[classes/:na]
	at java.base/jdk.internal.reflect.NativeMethodAccessorImpl.invoke0(Native Method) ~[na:na]
	at java.base/jdk.internal.reflect.NativeMethodAccessorImpl.invoke(NativeMethodAccessorImpl.java:77) ~[na:na]
	at java.base/jdk.internal.reflect.DelegatingMethodAccessorImpl.invoke(DelegatingMethodAccessorImpl.java:43) ~[na:na]
	at java.base/java.lang.reflect.Method.invoke(Method.java:569) ~[na:na]
	at org.springframework.web.method.support.InvocableHandlerMethod.doInvoke(InvocableHandlerMethod.java:258) ~[spring-web-6.2.12.jar:6.2.12]
	at org.springframework.web.method.support.InvocableHandlerMethod.invokeForRequest(InvocableHandlerMethod.java:191) ~[spring-web-6.2.12.jar:6.2.12]
	at org.springframework.web.servlet.mvc.method.annotation.ServletInvocableHandlerMethod.invokeAndHandle(ServletInvocableHandlerMethod.java:118) ~[spring-webmvc-6.2.12.jar:6.2.12]
	at org.springframework.web.servlet.mvc.method.annotation.RequestMappingHandlerAdapter.invokeHandlerMethod(RequestMappingHandlerAdapter.java:991) ~[spring-webmvc-6.2.12.jar:6.2.12]
	at org.springframework.web.servlet.mvc.method.annotation.RequestMappingHandlerAdapter.handleInternal(RequestMappingHandlerAdapter.java:896) ~[spring-webmvc-6.2.12.jar:6.2.12]
	at org.springframework.web.servlet.mvc.method.AbstractHandlerMethodAdapter.handle(AbstractHandlerMethodAdapter.java:87) ~[spring-webmvc-6.2.12.jar:6.2.12]
	at org.springframework.web.servlet.DispatcherServlet.doDispatch(DispatcherServlet.java:1089) ~[spring-webmvc-6.2.12.jar:6.2.12]
	at org.springframework.web.servlet.DispatcherServlet.doService(DispatcherServlet.java:979) ~[spring-webmvc-6.2.12.jar:6.2.12]
	at org.springframework.web.servlet.FrameworkServlet.processRequest(FrameworkServlet.java:1014) ~[spring-webmvc-6.2.12.jar:6.2.12]
	at org.springframework.web.servlet.FrameworkServlet.doPost(FrameworkServlet.java:914) ~[spring-webmvc-6.2.12.jar:6.2.12]
	at jakarta.servlet.http.HttpServlet.service(HttpServlet.java:590) ~[tomcat-embed-core-10.1.48.jar:6.0]
	at org.springframework.web.servlet.FrameworkServlet.service(FrameworkServlet.java:885) ~[spring-webmvc-6.2.12.jar:6.2.12]
	at jakarta.servlet.http.HttpServlet.service(HttpServlet.java:658) ~[tomcat-embed-core-10.1.48.jar:6.0]
	at org.apache.catalina.core.ApplicationFilterChain.internalDoFilter(ApplicationFilterChain.java:193) ~[tomcat-embed-core-10.1.48.jar:10.1.48]
	at org.apache.catalina.core.ApplicationFilterChain.doFilter(ApplicationFilterChain.java:138) ~[tomcat-embed-core-10.1.48.jar:10.1.48]
	at org.apache.tomcat.websocket.server.WsFilter.doFilter(WsFilter.java:51) ~[tomcat-embed-websocket-10.1.48.jar:10.1.48]
	at org.apache.catalina.core.ApplicationFilterChain.internalDoFilter(ApplicationFilterChain.java:162) ~[tomcat-embed-core-10.1.48.jar:10.1.48]
	at org.apache.catalina.core.ApplicationFilterChain.doFilter(ApplicationFilterChain.java:138) ~[tomcat-embed-core-10.1.48.jar:10.1.48]
	at org.springframework.web.filter.OncePerRequestFilter.doFilter(OncePerRequestFilter.java:110) ~[spring-web-6.2.12.jar:6.2.12]
	at org.apache.catalina.core.ApplicationFilterChain.internalDoFilter(ApplicationFilterChain.java:162) ~[tomcat-embed-core-10.1.48.jar:10.1.48]
	at org.apache.catalina.core.ApplicationFilterChain.doFilter(ApplicationFilterChain.java:138) ~[tomcat-embed-core-10.1.48.jar:10.1.48]
	at org.springframework.web.filter.CompositeFilter$VirtualFilterChain.doFilter(CompositeFilter.java:108) ~[spring-web-6.2.12.jar:6.2.12]
	at org.springframework.web.filter.CompositeFilter$VirtualFilterChain.doFilter(CompositeFilter.java:108) ~[spring-web-6.2.12.jar:6.2.12]
	at org.springframework.security.web.FilterChainProxy.lambda$doFilterInternal$3(FilterChainProxy.java:231) ~[spring-security-web-6.5.6.jar:6.5.6]
	at org.springframework.security.web.ObservationFilterChainDecorator$FilterObservation$SimpleFilterObservation.lambda$wrap$1(ObservationFilterChainDecorator.java:490) ~[spring-security-web-6.5.6.jar:6.5.6]
	at org.springframework.security.web.ObservationFilterChainDecorator$AroundFilterObservation$SimpleAroundFilterObservation.lambda$wrap$1(ObservationFilterChainDecorator.java:351) ~[spring-security-web-6.5.6.jar:6.5.6]
	at org.springframework.security.web.ObservationFilterChainDecorator.lambda$wrapSecured$0(ObservationFilterChainDecorator.java:83) ~[spring-security-web-6.5.6.jar:6.5.6]
	at org.springframework.security.web.ObservationFilterChainDecorator$VirtualFilterChain.doFilter(ObservationFilterChainDecorator.java:129) ~[spring-security-web-6.5.6.jar:6.5.6]
	at org.springframework.security.web.access.intercept.AuthorizationFilter.doFilter(AuthorizationFilter.java:101) ~[spring-security-web-6.5.6.jar:6.5.6]
	at org.springframework.security.web.ObservationFilterChainDecorator$ObservationFilter.wrapFilter(ObservationFilterChainDecorator.java:241) ~[spring-security-web-6.5.6.jar:6.5.6]
	at org.springframework.security.web.ObservationFilterChainDecorator$ObservationFilter.doFilter(ObservationFilterChainDecorator.java:228) ~[spring-security-web-6.5.6.jar:6.5.6]
	at org.springframework.security.web.ObservationFilterChainDecorator$VirtualFilterChain.doFilter(ObservationFilterChainDecorator.java:138) ~[spring-security-web-6.5.6.jar:6.5.6]
	at org.springframework.security.web.access.ExceptionTranslationFilter.doFilter(ExceptionTranslationFilter.java:125) ~[spring-security-web-6.5.6.jar:6.5.6]
	at org.springframework.security.web.access.ExceptionTranslationFilter.doFilter(ExceptionTranslationFilter.java:119) ~[spring-security-web-6.5.6.jar:6.5.6]
	at org.springframework.security.web.ObservationFilterChainDecorator$ObservationFilter.wrapFilter(ObservationFilterChainDecorator.java:241) ~[spring-security-web-6.5.6.jar:6.5.6]
	at org.springframework.security.web.ObservationFilterChainDecorator$ObservationFilter.doFilter(ObservationFilterChainDecorator.java:228) ~[spring-security-web-6.5.6.jar:6.5.6]
	at org.springframework.security.web.ObservationFilterChainDecorator$VirtualFilterChain.doFilter(ObservationFilterChainDecorator.java:138) ~[spring-security-web-6.5.6.jar:6.5.6]
	at org.springframework.security.web.session.SessionManagementFilter.doFilter(SessionManagementFilter.java:131) ~[spring-security-web-6.5.6.jar:6.5.6]
	at org.springframework.security.web.session.SessionManagementFilter.doFilter(SessionManagementFilter.java:85) ~[spring-security-web-6.5.6.jar:6.5.6]
	at org.springframework.security.web.ObservationFilterChainDecorator$ObservationFilter.wrapFilter(ObservationFilterChainDecorator.java:241) ~[spring-security-web-6.5.6.jar:6.5.6]
	at org.springframework.security.web.ObservationFilterChainDecorator$ObservationFilter.doFilter(ObservationFilterChainDecorator.java:228) ~[spring-security-web-6.5.6.jar:6.5.6]
	at org.springframework.security.web.ObservationFilterChainDecorator$VirtualFilterChain.doFilter(ObservationFilterChainDecorator.java:138) ~[spring-security-web-6.5.6.jar:6.5.6]
	at org.springframework.security.web.authentication.AnonymousAuthenticationFilter.doFilter(AnonymousAuthenticationFilter.java:100) ~[spring-security-web-6.5.6.jar:6.5.6]
	at org.springframework.security.web.ObservationFilterChainDecorator$ObservationFilter.wrapFilter(ObservationFilterChainDecorator.java:241) ~[spring-security-web-6.5.6.jar:6.5.6]
	at org.springframework.security.web.ObservationFilterChainDecorator$ObservationFilter.doFilter(ObservationFilterChainDecorator.java:228) ~[spring-security-web-6.5.6.jar:6.5.6]
	at org.springframework.security.web.ObservationFilterChainDecorator$VirtualFilterChain.doFilter(ObservationFilterChainDecorator.java:138) ~[spring-security-web-6.5.6.jar:6.5.6]
	at org.springframework.security.web.servletapi.SecurityContextHolderAwareRequestFilter.doFilter(SecurityContextHolderAwareRequestFilter.java:179) ~[spring-security-web-6.5.6.jar:6.5.6]
	at org.springframework.security.web.ObservationFilterChainDecorator$ObservationFilter.wrapFilter(ObservationFilterChainDecorator.java:241) ~[spring-security-web-6.5.6.jar:6.5.6]
	at org.springframework.security.web.ObservationFilterChainDecorator$ObservationFilter.doFilter(ObservationFilterChainDecorator.java:228) ~[spring-security-web-6.5.6.jar:6.5.6]
	at org.springframework.security.web.ObservationFilterChainDecorator$VirtualFilterChain.doFilter(ObservationFilterChainDecorator.java:138) ~[spring-security-web-6.5.6.jar:6.5.6]
	at org.springframework.security.web.savedrequest.RequestCacheAwareFilter.doFilter(RequestCacheAwareFilter.java:63) ~[spring-security-web-6.5.6.jar:6.5.6]
	at org.springframework.security.web.ObservationFilterChainDecorator$ObservationFilter.wrapFilter(ObservationFilterChainDecorator.java:241) ~[spring-security-web-6.5.6.jar:6.5.6]
	at org.springframework.security.web.ObservationFilterChainDecorator$ObservationFilter.doFilter(ObservationFilterChainDecorator.java:228) ~[spring-security-web-6.5.6.jar:6.5.6]
	at org.springframework.security.web.ObservationFilterChainDecorator$VirtualFilterChain.doFilter(ObservationFilterChainDecorator.java:138) ~[spring-security-web-6.5.6.jar:6.5.6]
	at test.weewee.userservice.config.JwtAuthenticationFilter.doFilterInternal(JwtAuthenticationFilter.java:45) ~[classes/:na]
	at org.springframework.web.filter.OncePerRequestFilter.doFilter(OncePerRequestFilter.java:116) ~[spring-web-6.2.12.jar:6.2.12]
	at org.springframework.security.web.ObservationFilterChainDecorator$ObservationFilter.wrapFilter(ObservationFilterChainDecorator.java:241) ~[spring-security-web-6.5.6.jar:6.5.6]
	at org.springframework.security.web.ObservationFilterChainDecorator$ObservationFilter.doFilter(ObservationFilterChainDecorator.java:228) ~[spring-security-web-6.5.6.jar:6.5.6]
	at org.springframework.security.web.ObservationFilterChainDecorator$VirtualFilterChain.doFilter(ObservationFilterChainDecorator.java:138) ~[spring-security-web-6.5.6.jar:6.5.6]
	at org.springframework.security.web.authentication.logout.LogoutFilter.doFilter(LogoutFilter.java:107) ~[spring-security-web-6.5.6.jar:6.5.6]
	at org.springframework.security.web.authentication.logout.LogoutFilter.doFilter(LogoutFilter.java:93) ~[spring-security-web-6.5.6.jar:6.5.6]
	at org.springframework.security.web.ObservationFilterChainDecorator$ObservationFilter.wrapFilter(ObservationFilterChainDecorator.java:241) ~[spring-security-web-6.5.6.jar:6.5.6]
	at org.springframework.security.web.ObservationFilterChainDecorator$ObservationFilter.doFilter(ObservationFilterChainDecorator.java:228) ~[spring-security-web-6.5.6.jar:6.5.6]
	at org.springframework.security.web.ObservationFilterChainDecorator$VirtualFilterChain.doFilter(ObservationFilterChainDecorator.java:138) ~[spring-security-web-6.5.6.jar:6.5.6]
	at org.springframework.security.web.header.HeaderWriterFilter.doHeadersAfter(HeaderWriterFilter.java:90) ~[spring-security-web-6.5.6.jar:6.5.6]
	at org.springframework.security.web.header.HeaderWriterFilter.doFilterInternal(HeaderWriterFilter.java:75) ~[spring-security-web-6.5.6.jar:6.5.6]
	at org.springframework.web.filter.OncePerRequestFilter.doFilter(OncePerRequestFilter.java:116) ~[spring-web-6.2.12.jar:6.2.12]
	at org.springframework.security.web.ObservationFilterChainDecorator$ObservationFilter.wrapFilter(ObservationFilterChainDecorator.java:241) ~[spring-security-web-6.5.6.jar:6.5.6]
	at org.springframework.security.web.ObservationFilterChainDecorator$ObservationFilter.doFilter(ObservationFilterChainDecorator.java:228) ~[spring-security-web-6.5.6.jar:6.5.6]
	at org.springframework.security.web.ObservationFilterChainDecorator$VirtualFilterChain.doFilter(ObservationFilterChainDecorator.java:138) ~[spring-security-web-6.5.6.jar:6.5.6]
	at org.springframework.security.web.context.SecurityContextHolderFilter.doFilter(SecurityContextHolderFilter.java:82) ~[spring-security-web-6.5.6.jar:6.5.6]
	at org.springframework.security.web.context.SecurityContextHolderFilter.doFilter(SecurityContextHolderFilter.java:69) ~[spring-security-web-6.5.6.jar:6.5.6]
	at org.springframework.security.web.ObservationFilterChainDecorator$ObservationFilter.wrapFilter(ObservationFilterChainDecorator.java:241) ~[spring-security-web-6.5.6.jar:6.5.6]
	at org.springframework.security.web.ObservationFilterChainDecorator$ObservationFilter.doFilter(ObservationFilterChainDecorator.java:228) ~[spring-security-web-6.5.6.jar:6.5.6]
	at org.springframework.security.web.ObservationFilterChainDecorator$VirtualFilterChain.doFilter(ObservationFilterChainDecorator.java:138) ~[spring-security-web-6.5.6.jar:6.5.6]
	at org.springframework.security.web.context.request.async.WebAsyncManagerIntegrationFilter.doFilterInternal(WebAsyncManagerIntegrationFilter.java:62) ~[spring-security-web-6.5.6.jar:6.5.6]
	at org.springframework.web.filter.OncePerRequestFilter.doFilter(OncePerRequestFilter.java:116) ~[spring-web-6.2.12.jar:6.2.12]
	at org.springframework.security.web.ObservationFilterChainDecorator$ObservationFilter.wrapFilter(ObservationFilterChainDecorator.java:241) ~[spring-security-web-6.5.6.jar:6.5.6]
	at org.springframework.security.web.ObservationFilterChainDecorator$ObservationFilter.doFilter(ObservationFilterChainDecorator.java:228) ~[spring-security-web-6.5.6.jar:6.5.6]
	at org.springframework.security.web.ObservationFilterChainDecorator$VirtualFilterChain.doFilter(ObservationFilterChainDecorator.java:138) ~[spring-security-web-6.5.6.jar:6.5.6]
	at org.springframework.security.web.session.DisableEncodeUrlFilter.doFilterInternal(DisableEncodeUrlFilter.java:42) ~[spring-security-web-6.5.6.jar:6.5.6]
	at org.springframework.web.filter.OncePerRequestFilter.doFilter(OncePerRequestFilter.java:116) ~[spring-web-6.2.12.jar:6.2.12]
	at org.springframework.security.web.ObservationFilterChainDecorator$ObservationFilter.wrapFilter(ObservationFilterChainDecorator.java:241) ~[spring-security-web-6.5.6.jar:6.5.6]
	at org.springframework.security.web.ObservationFilterChainDecorator$AroundFilterObservation$SimpleAroundFilterObservation.lambda$wrap$0(ObservationFilterChainDecorator.java:334) ~[spring-security-web-6.5.6.jar:6.5.6]
	at org.springframework.security.web.ObservationFilterChainDecorator$ObservationFilter.doFilter(ObservationFilterChainDecorator.java:225) ~[spring-security-web-6.5.6.jar:6.5.6]
	at org.springframework.security.web.ObservationFilterChainDecorator$VirtualFilterChain.doFilter(ObservationFilterChainDecorator.java:138) ~[spring-security-web-6.5.6.jar:6.5.6]
	at org.springframework.security.web.FilterChainProxy.doFilterInternal(FilterChainProxy.java:233) ~[spring-security-web-6.5.6.jar:6.5.6]
	at org.springframework.security.web.FilterChainProxy.doFilter(FilterChainProxy.java:191) ~[spring-security-web-6.5.6.jar:6.5.6]
	at org.springframework.web.filter.CompositeFilter$VirtualFilterChain.doFilter(CompositeFilter.java:113) ~[spring-web-6.2.12.jar:6.2.12]
	at org.springframework.web.filter.ServletRequestPathFilter.doFilter(ServletRequestPathFilter.java:52) ~[spring-web-6.2.12.jar:6.2.12]
	at org.springframework.web.filter.CompositeFilter$VirtualFilterChain.doFilter(CompositeFilter.java:113) ~[spring-web-6.2.12.jar:6.2.12]
	at org.springframework.web.filter.CompositeFilter.doFilter(CompositeFilter.java:74) ~[spring-web-6.2.12.jar:6.2.12]
	at org.springframework.security.config.annotation.web.configuration.WebSecurityConfiguration$CompositeFilterChainProxy.doFilter(WebSecurityConfiguration.java:319) ~[spring-security-config-6.5.6.jar:6.5.6]
	at org.springframework.web.filter.CompositeFilter$VirtualFilterChain.doFilter(CompositeFilter.java:113) ~[spring-web-6.2.12.jar:6.2.12]
	at org.springframework.web.servlet.handler.HandlerMappingIntrospector.lambda$createCacheFilter$4(HandlerMappingIntrospector.java:267) ~[spring-webmvc-6.2.12.jar:6.2.12]
	at org.springframework.web.filter.CompositeFilter$VirtualFilterChain.doFilter(CompositeFilter.java:113) ~[spring-web-6.2.12.jar:6.2.12]
	at org.springframework.web.filter.CompositeFilter.doFilter(CompositeFilter.java:74) ~[spring-web-6.2.12.jar:6.2.12]
	at org.springframework.security.config.annotation.web.configuration.WebMvcSecurityConfiguration$CompositeFilterChainProxy.doFilter(WebMvcSecurityConfiguration.java:240) ~[spring-security-config-6.5.6.jar:6.5.6]
	at org.springframework.web.filter.DelegatingFilterProxy.invokeDelegate(DelegatingFilterProxy.java:362) ~[spring-web-6.2.12.jar:6.2.12]
	at org.springframework.web.filter.DelegatingFilterProxy.doFilter(DelegatingFilterProxy.java:278) ~[spring-web-6.2.12.jar:6.2.12]
	at org.apache.catalina.core.ApplicationFilterChain.internalDoFilter(ApplicationFilterChain.java:162) ~[tomcat-embed-core-10.1.48.jar:10.1.48]
	at org.apache.catalina.core.ApplicationFilterChain.doFilter(ApplicationFilterChain.java:138) ~[tomcat-embed-core-10.1.48.jar:10.1.48]
	at org.springframework.web.filter.RequestContextFilter.doFilterInternal(RequestContextFilter.java:100) ~[spring-web-6.2.12.jar:6.2.12]
	at org.springframework.web.filter.OncePerRequestFilter.doFilter(OncePerRequestFilter.java:116) ~[spring-web-6.2.12.jar:6.2.12]
	at org.apache.catalina.core.ApplicationFilterChain.internalDoFilter(ApplicationFilterChain.java:162) ~[tomcat-embed-core-10.1.48.jar:10.1.48]
	at org.apache.catalina.core.ApplicationFilterChain.doFilter(ApplicationFilterChain.java:138) ~[tomcat-embed-core-10.1.48.jar:10.1.48]
	at org.springframework.web.filter.FormContentFilter.doFilterInternal(FormContentFilter.java:93) ~[spring-web-6.2.12.jar:6.2.12]
	at org.springframework.web.filter.OncePerRequestFilter.doFilter(OncePerRequestFilter.java:116) ~[spring-web-6.2.12.jar:6.2.12]
	at org.apache.catalina.core.ApplicationFilterChain.internalDoFilter(ApplicationFilterChain.java:162) ~[tomcat-embed-core-10.1.48.jar:10.1.48]
	at org.apache.catalina.core.ApplicationFilterChain.doFilter(ApplicationFilterChain.java:138) ~[tomcat-embed-core-10.1.48.jar:10.1.48]
	at org.springframework.web.filter.ServerHttpObservationFilter.doFilterInternal(ServerHttpObservationFilter.java:110) ~[spring-web-6.2.12.jar:6.2.12]
	at org.springframework.web.filter.OncePerRequestFilter.doFilter(OncePerRequestFilter.java:116) ~[spring-web-6.2.12.jar:6.2.12]
	at org.apache.catalina.core.ApplicationFilterChain.internalDoFilter(ApplicationFilterChain.java:162) ~[tomcat-embed-core-10.1.48.jar:10.1.48]
	at org.apache.catalina.core.ApplicationFilterChain.doFilter(ApplicationFilterChain.java:138) ~[tomcat-embed-core-10.1.48.jar:10.1.48]
	at org.springframework.web.filter.CharacterEncodingFilter.doFilterInternal(CharacterEncodingFilter.java:201) ~[spring-web-6.2.12.jar:6.2.12]
	at org.springframework.web.filter.OncePerRequestFilter.doFilter(OncePerRequestFilter.java:116) ~[spring-web-6.2.12.jar:6.2.12]
	at org.apache.catalina.core.ApplicationFilterChain.internalDoFilter(ApplicationFilterChain.java:162) ~[tomcat-embed-core-10.1.48.jar:10.1.48]
	at org.apache.catalina.core.ApplicationFilterChain.doFilter(ApplicationFilterChain.java:138) ~[tomcat-embed-core-10.1.48.jar:10.1.48]
	at org.apache.catalina.core.StandardWrapperValve.invoke(StandardWrapperValve.java:165) ~[tomcat-embed-core-10.1.48.jar:10.1.48]
	at org.apache.catalina.core.StandardContextValve.invoke(StandardContextValve.java:88) ~[tomcat-embed-core-10.1.48.jar:10.1.48]
	at org.apache.catalina.authenticator.AuthenticatorBase.invoke(AuthenticatorBase.java:482) ~[tomcat-embed-core-10.1.48.jar:10.1.48]
	at org.apache.catalina.core.StandardHostValve.invoke(StandardHostValve.java:113) ~[tomcat-embed-core-10.1.48.jar:10.1.48]
	at org.apache.catalina.valves.ErrorReportValve.invoke(ErrorReportValve.java:83) ~[tomcat-embed-core-10.1.48.jar:10.1.48]
	at org.apache.catalina.core.StandardEngineValve.invoke(StandardEngineValve.java:72) ~[tomcat-embed-core-10.1.48.jar:10.1.48]
	at org.apache.catalina.connector.CoyoteAdapter.service(CoyoteAdapter.java:342) ~[tomcat-embed-core-10.1.48.jar:10.1.48]
	at org.apache.coyote.http11.Http11Processor.service(Http11Processor.java:399) ~[tomcat-embed-core-10.1.48.jar:10.1.48]
	at org.apache.coyote.AbstractProcessorLight.process(AbstractProcessorLight.java:63) ~[tomcat-embed-core-10.1.48.jar:10.1.48]
	at org.apache.coyote.AbstractProtocol$ConnectionHandler.process(AbstractProtocol.java:903) ~[tomcat-embed-core-10.1.48.jar:10.1.48]
	at org.apache.tomcat.util.net.NioEndpoint$SocketProcessor.doRun(NioEndpoint.java:1774) ~[tomcat-embed-core-10.1.48.jar:10.1.48]
	at org.apache.tomcat.util.net.SocketProcessorBase.run(SocketProcessorBase.java:52) ~[tomcat-embed-core-10.1.48.jar:10.1.48]
	at org.apache.tomcat.util.threads.ThreadPoolExecutor.runWorker(ThreadPoolExecutor.java:973) ~[tomcat-embed-core-10.1.48.jar:10.1.48]
	at org.apache.tomcat.util.threads.ThreadPoolExecutor$Worker.run(ThreadPoolExecutor.java:491) ~[tomcat-embed-core-10.1.48.jar:10.1.48]
	at org.apache.tomcat.util.threads.TaskThread$WrappingRunnable.run(TaskThread.java:63) ~[tomcat-embed-core-10.1.48.jar:10.1.48]
	at java.base/java.lang.Thread.run(Thread.java:840) ~[na:na]

2025-12-10T17:14:06.028+05:00 DEBUG 34778 --- [User-service] [https-jsse-nio-8080-exec-7] [6939640d351223a168a7cceb10259a4d-1a60356538b41524] o.s.w.s.m.m.a.HttpEntityMethodProcessor  : Using 'application/json', given [*/*] and supported [application/json, application/*+json, application/yaml]
2025-12-10T17:14:06.029+05:00 DEBUG 34778 --- [User-service] [https-jsse-nio-8080-exec-7] [6939640d351223a168a7cceb10259a4d-1a60356538b41524] o.s.w.s.m.m.a.HttpEntityMethodProcessor  : Writing [ErrorResponse(message=Ошибка входа, errors={email=Пользователь с таким email не найден})]
2025-12-10T17:14:06.030+05:00 DEBUG 34778 --- [User-service] [https-jsse-nio-8080-exec-7] [6939640d351223a168a7cceb10259a4d-1a60356538b41524] o.s.web.servlet.DispatcherServlet        : Completed 400 BAD_REQUEST
2025-12-10T17:14:19.305+05:00  INFO 34778 --- [User-service] [SpringApplicationShutdownHook] [                                                 ] o.s.b.w.e.tomcat.GracefulShutdown        : Commencing graceful shutdown. Waiting for active requests to complete
2025-12-10T17:14:19.309+05:00  INFO 34778 --- [User-service] [tomcat-shutdown] [                                                 ] o.s.b.w.e.tomcat.GracefulShutdown        : Graceful shutdown complete
2025-12-10T17:14:19.318+05:00  INFO 34778 --- [User-service] [SpringApplicationShutdownHook] [                                                 ] j.LocalContainerEntityManagerFactoryBean : Closing JPA EntityManagerFactory for persistence unit 'default'
2025-12-10T17:14:19.321+05:00  INFO 34778 --- [User-service] [SpringApplicationShutdownHook] [                                                 ] com.zaxxer.hikari.HikariDataSource       : HikariPool-1 - Shutdown initiated...
2025-12-10T17:14:19.324+05:00  INFO 34778 --- [User-service] [SpringApplicationShutdownHook] [                                                 ] com.zaxxer.hikari.HikariDataSource       : HikariPool-1 - Shutdown completed.
2025-12-10T17:14:23.289+05:00  INFO 40764 --- [User-service] [main] [                                                 ] t.w.userservice.UserServiceApplication   : Starting UserServiceApplication using Java 17.0.16 with PID 40764 (/Users/germancerkasov/Downloads/user-service-main/target/classes started by germancerkasov in /Users/germancerkasov/Downloads/user-service-main)
2025-12-10T17:14:23.294+05:00 DEBUG 40764 --- [User-service] [main] [                                                 ] t.w.userservice.UserServiceApplication   : Running with Spring Boot v3.5.7, Spring v6.2.12
2025-12-10T17:14:23.294+05:00  INFO 40764 --- [User-service] [main] [                                                 ] t.w.userservice.UserServiceApplication   : No active profile set, falling back to 1 default profile: "default"
2025-12-10T17:14:23.774+05:00  INFO 40764 --- [User-service] [main] [                                                 ] .s.d.r.c.RepositoryConfigurationDelegate : Bootstrapping Spring Data JPA repositories in DEFAULT mode.
2025-12-10T17:14:23.798+05:00  INFO 40764 --- [User-service] [main] [                                                 ] .s.d.r.c.RepositoryConfigurationDelegate : Finished Spring Data repository scanning in 20 ms. Found 1 JPA repository interface.
2025-12-10T17:14:24.105+05:00  INFO 40764 --- [User-service] [main] [                                                 ] o.s.b.w.embedded.tomcat.TomcatWebServer  : Tomcat initialized with port 8080 (https)
2025-12-10T17:14:24.119+05:00  INFO 40764 --- [User-service] [main] [                                                 ] o.apache.catalina.core.StandardService   : Starting service [Tomcat]
2025-12-10T17:14:24.119+05:00  INFO 40764 --- [User-service] [main] [                                                 ] o.apache.catalina.core.StandardEngine    : Starting Servlet engine: [Apache Tomcat/10.1.48]
2025-12-10T17:14:24.148+05:00  INFO 40764 --- [User-service] [main] [                                                 ] o.a.c.c.C.[Tomcat].[localhost].[/]       : Initializing Spring embedded WebApplicationContext
2025-12-10T17:14:24.148+05:00  INFO 40764 --- [User-service] [main] [                                                 ] w.s.c.ServletWebServerApplicationContext : Root WebApplicationContext: initialization completed in 837 ms
2025-12-10T17:14:24.304+05:00  WARN 40764 --- [User-service] [main] [                                                 ] JpaBaseConfiguration$JpaWebConfiguration : spring.jpa.open-in-view is enabled by default. Therefore, database queries may be performed during view rendering. Explicitly configure spring.jpa.open-in-view to disable this warning
2025-12-10T17:14:24.346+05:00  INFO 40764 --- [User-service] [main] [                                                 ] o.hibernate.jpa.internal.util.LogHelper  : HHH000204: Processing PersistenceUnitInfo [name: default]
2025-12-10T17:14:24.372+05:00  INFO 40764 --- [User-service] [main] [                                                 ] org.hibernate.Version                    : HHH000412: Hibernate ORM core version 6.6.33.Final
2025-12-10T17:14:24.386+05:00  INFO 40764 --- [User-service] [main] [                                                 ] o.h.c.internal.RegionFactoryInitiator    : HHH000026: Second-level cache disabled
2025-12-10T17:14:24.494+05:00  INFO 40764 --- [User-service] [main] [                                                 ] o.s.o.j.p.SpringPersistenceUnitInfo      : No LoadTimeWeaver setup: ignoring JPA class transformer
2025-12-10T17:14:24.505+05:00  INFO 40764 --- [User-service] [main] [                                                 ] com.zaxxer.hikari.HikariDataSource       : HikariPool-1 - Starting...
2025-12-10T17:14:24.585+05:00  INFO 40764 --- [User-service] [main] [                                                 ] com.zaxxer.hikari.pool.HikariPool        : HikariPool-1 - Added connection org.postgresql.jdbc.PgConnection@2aaa89c2
2025-12-10T17:14:24.585+05:00  INFO 40764 --- [User-service] [main] [                                                 ] com.zaxxer.hikari.HikariDataSource       : HikariPool-1 - Start completed.
2025-12-10T17:14:24.601+05:00  WARN 40764 --- [User-service] [main] [                                                 ] org.hibernate.orm.deprecation            : HHH90000025: PostgreSQLDialect does not need to be specified explicitly using 'hibernate.dialect' (remove the property setting and it will be selected by default)
2025-12-10T17:14:24.611+05:00  INFO 40764 --- [User-service] [main] [                                                 ] org.hibernate.orm.connections.pooling    : HHH10001005: Database info:
	Database JDBC URL [Connecting through datasource 'HikariDataSource (HikariPool-1)']
	Database driver: undefined/unknown
	Database version: 15.14
	Autocommit mode: undefined/unknown
	Isolation level: undefined/unknown
	Minimum pool size: undefined/unknown
	Maximum pool size: undefined/unknown
2025-12-10T17:14:24.924+05:00  INFO 40764 --- [User-service] [main] [                                                 ] o.h.e.t.j.p.i.JtaPlatformInitiator       : HHH000489: No JTA platform available (set 'hibernate.transaction.jta.platform' to enable JTA platform integration)
2025-12-10T17:14:24.956+05:00  INFO 40764 --- [User-service] [main] [                                                 ] j.LocalContainerEntityManagerFactoryBean : Initialized JPA EntityManagerFactory for persistence unit 'default'
2025-12-10T17:14:25.002+05:00 DEBUG 40764 --- [User-service] [main] [                                                 ] .m.m.a.ExceptionHandlerExceptionResolver : ControllerAdvice beans: 2 @ExceptionHandler, 1 ResponseBodyAdvice
2025-12-10T17:14:25.121+05:00 DEBUG 40764 --- [User-service] [main] [                                                 ] t.w.u.config.JwtAuthenticationFilter     : Filter 'jwtAuthenticationFilter' configured for use
2025-12-10T17:14:25.121+05:00 DEBUG 40764 --- [User-service] [main] [                                                 ] o.s.w.f.ServerHttpObservationFilter      : Filter 'webMvcObservationFilter' configured for use
2025-12-10T17:14:25.147+05:00  INFO 40764 --- [User-service] [main] [                                                 ] eAuthenticationProviderManagerConfigurer : Global AuthenticationManager configured with AuthenticationProvider bean with name authenticationProvider
2025-12-10T17:14:25.147+05:00  WARN 40764 --- [User-service] [main] [                                                 ] r$InitializeUserDetailsManagerConfigurer : Global AuthenticationManager configured with an AuthenticationProvider bean. UserDetailsService beans will not be used by Spring Security for automatically configuring username/password login. Consider removing the AuthenticationProvider bean. Alternatively, consider using the UserDetailsService in a manually instantiated DaoAuthenticationProvider. If the current configuration is intentional, to turn off this warning, increase the logging level of 'org.springframework.security.config.annotation.authentication.configuration.InitializeUserDetailsBeanManagerConfigurer' to ERROR
2025-12-10T17:14:25.253+05:00 DEBUG 40764 --- [User-service] [main] [                                                 ] s.w.s.m.m.a.RequestMappingHandlerMapping : 19 mappings in 'requestMappingHandlerMapping'
2025-12-10T17:14:25.266+05:00 DEBUG 40764 --- [User-service] [main] [                                                 ] o.s.w.s.handler.SimpleUrlHandlerMapping  : Patterns [/webjars/**, /**, /swagger-ui*/*swagger-initializer.js, /swagger-ui*/**] in 'resourceHandlerMapping'
2025-12-10T17:14:25.308+05:00  INFO 40764 --- [User-service] [main] [                                                 ] o.s.b.a.e.web.EndpointLinksResolver      : Exposing 2 endpoints beneath base path '/actuator'
2025-12-10T17:14:25.354+05:00 DEBUG 40764 --- [User-service] [main] [                                                 ] o.s.s.web.DefaultSecurityFilterChain     : Will secure any request with filters: DisableEncodeUrlFilter, WebAsyncManagerIntegrationFilter, SecurityContextHolderFilter, HeaderWriterFilter, LogoutFilter, JwtAuthenticationFilter, RequestCacheAwareFilter, SecurityContextHolderAwareRequestFilter, AnonymousAuthenticationFilter, SessionManagementFilter, ExceptionTranslationFilter, AuthorizationFilter
2025-12-10T17:14:25.379+05:00 DEBUG 40764 --- [User-service] [main] [                                                 ] s.w.s.m.m.a.RequestMappingHandlerAdapter : ControllerAdvice beans: 0 @ModelAttribute, 0 @InitBinder, 1 RequestBodyAdvice, 1 ResponseBodyAdvice
2025-12-10T17:14:25.547+05:00  INFO 40764 --- [User-service] [main] [                                                 ] o.a.t.util.net.NioEndpoint.certificate   : Connector [https-jsse-nio-8080], TLS virtual host [_default_], certificate type [UNDEFINED] configured from keystore [/Users/germancerkasov/.keystore] using alias [tomcat] with trust store [null]
2025-12-10T17:14:25.551+05:00  INFO 40764 --- [User-service] [main] [                                                 ] o.s.b.w.embedded.tomcat.TomcatWebServer  : Tomcat started on port 8080 (https) with context path '/'
2025-12-10T17:14:25.563+05:00  INFO 40764 --- [User-service] [main] [                                                 ] t.w.userservice.UserServiceApplication   : Started UserServiceApplication in 2.482 seconds (process running for 2.653)
2025-12-10T17:14:32.279+05:00  INFO 41082 --- [User-service] [main] [                                                 ] t.w.userservice.UserServiceApplication   : Starting UserServiceApplication using Java 17.0.16 with PID 41082 (/Users/germancerkasov/Downloads/user-service-main/target/classes started by germancerkasov in /Users/germancerkasov/Downloads/user-service-main)
2025-12-10T17:14:32.281+05:00 DEBUG 41082 --- [User-service] [main] [                                                 ] t.w.userservice.UserServiceApplication   : Running with Spring Boot v3.5.7, Spring v6.2.12
2025-12-10T17:14:32.281+05:00  INFO 41082 --- [User-service] [main] [                                                 ] t.w.userservice.UserServiceApplication   : No active profile set, falling back to 1 default profile: "default"
2025-12-10T17:14:32.754+05:00  INFO 41082 --- [User-service] [main] [                                                 ] .s.d.r.c.RepositoryConfigurationDelegate : Bootstrapping Spring Data JPA repositories in DEFAULT mode.
2025-12-10T17:14:32.779+05:00  INFO 41082 --- [User-service] [main] [                                                 ] .s.d.r.c.RepositoryConfigurationDelegate : Finished Spring Data repository scanning in 20 ms. Found 1 JPA repository interface.
2025-12-10T17:14:33.083+05:00  INFO 41082 --- [User-service] [main] [                                                 ] o.s.b.w.embedded.tomcat.TomcatWebServer  : Tomcat initialized with port 8080 (https)
2025-12-10T17:14:33.092+05:00  INFO 41082 --- [User-service] [main] [                                                 ] o.apache.catalina.core.StandardService   : Starting service [Tomcat]
2025-12-10T17:14:33.092+05:00  INFO 41082 --- [User-service] [main] [                                                 ] o.apache.catalina.core.StandardEngine    : Starting Servlet engine: [Apache Tomcat/10.1.48]
2025-12-10T17:14:33.116+05:00  INFO 41082 --- [User-service] [main] [                                                 ] o.a.c.c.C.[Tomcat].[localhost].[/]       : Initializing Spring embedded WebApplicationContext
2025-12-10T17:14:33.116+05:00  INFO 41082 --- [User-service] [main] [                                                 ] w.s.c.ServletWebServerApplicationContext : Root WebApplicationContext: initialization completed in 816 ms
2025-12-10T17:14:33.274+05:00  WARN 41082 --- [User-service] [main] [                                                 ] JpaBaseConfiguration$JpaWebConfiguration : spring.jpa.open-in-view is enabled by default. Therefore, database queries may be performed during view rendering. Explicitly configure spring.jpa.open-in-view to disable this warning
2025-12-10T17:14:33.315+05:00  INFO 41082 --- [User-service] [main] [                                                 ] o.hibernate.jpa.internal.util.LogHelper  : HHH000204: Processing PersistenceUnitInfo [name: default]
2025-12-10T17:14:33.338+05:00  INFO 41082 --- [User-service] [main] [                                                 ] org.hibernate.Version                    : HHH000412: Hibernate ORM core version 6.6.33.Final
2025-12-10T17:14:33.350+05:00  INFO 41082 --- [User-service] [main] [                                                 ] o.h.c.internal.RegionFactoryInitiator    : HHH000026: Second-level cache disabled
2025-12-10T17:14:33.462+05:00  INFO 41082 --- [User-service] [main] [                                                 ] o.s.o.j.p.SpringPersistenceUnitInfo      : No LoadTimeWeaver setup: ignoring JPA class transformer
2025-12-10T17:14:33.472+05:00  INFO 41082 --- [User-service] [main] [                                                 ] com.zaxxer.hikari.HikariDataSource       : HikariPool-1 - Starting...
2025-12-10T17:14:33.572+05:00  INFO 41082 --- [User-service] [main] [                                                 ] com.zaxxer.hikari.pool.HikariPool        : HikariPool-1 - Added connection org.postgresql.jdbc.PgConnection@5a58db42
2025-12-10T17:14:33.572+05:00  INFO 41082 --- [User-service] [main] [                                                 ] com.zaxxer.hikari.HikariDataSource       : HikariPool-1 - Start completed.
2025-12-10T17:14:33.591+05:00  WARN 41082 --- [User-service] [main] [                                                 ] org.hibernate.orm.deprecation            : HHH90000025: PostgreSQLDialect does not need to be specified explicitly using 'hibernate.dialect' (remove the property setting and it will be selected by default)
2025-12-10T17:14:33.599+05:00  INFO 41082 --- [User-service] [main] [                                                 ] org.hibernate.orm.connections.pooling    : HHH10001005: Database info:
	Database JDBC URL [Connecting through datasource 'HikariDataSource (HikariPool-1)']
	Database driver: undefined/unknown
	Database version: 15.14
	Autocommit mode: undefined/unknown
	Isolation level: undefined/unknown
	Minimum pool size: undefined/unknown
	Maximum pool size: undefined/unknown
2025-12-10T17:14:33.908+05:00  INFO 41082 --- [User-service] [main] [                                                 ] o.h.e.t.j.p.i.JtaPlatformInitiator       : HHH000489: No JTA platform available (set 'hibernate.transaction.jta.platform' to enable JTA platform integration)
2025-12-10T17:14:33.940+05:00  INFO 41082 --- [User-service] [main] [                                                 ] j.LocalContainerEntityManagerFactoryBean : Initialized JPA EntityManagerFactory for persistence unit 'default'
2025-12-10T17:14:33.983+05:00 DEBUG 41082 --- [User-service] [main] [                                                 ] .m.m.a.ExceptionHandlerExceptionResolver : ControllerAdvice beans: 2 @ExceptionHandler, 1 ResponseBodyAdvice
2025-12-10T17:14:34.099+05:00 DEBUG 41082 --- [User-service] [main] [                                                 ] t.w.u.config.JwtAuthenticationFilter     : Filter 'jwtAuthenticationFilter' configured for use
2025-12-10T17:14:34.099+05:00 DEBUG 41082 --- [User-service] [main] [                                                 ] o.s.w.f.ServerHttpObservationFilter      : Filter 'webMvcObservationFilter' configured for use
2025-12-10T17:14:34.121+05:00  INFO 41082 --- [User-service] [main] [                                                 ] eAuthenticationProviderManagerConfigurer : Global AuthenticationManager configured with AuthenticationProvider bean with name authenticationProvider
2025-12-10T17:14:34.122+05:00  WARN 41082 --- [User-service] [main] [                                                 ] r$InitializeUserDetailsManagerConfigurer : Global AuthenticationManager configured with an AuthenticationProvider bean. UserDetailsService beans will not be used by Spring Security for automatically configuring username/password login. Consider removing the AuthenticationProvider bean. Alternatively, consider using the UserDetailsService in a manually instantiated DaoAuthenticationProvider. If the current configuration is intentional, to turn off this warning, increase the logging level of 'org.springframework.security.config.annotation.authentication.configuration.InitializeUserDetailsBeanManagerConfigurer' to ERROR
2025-12-10T17:14:34.216+05:00 DEBUG 41082 --- [User-service] [main] [                                                 ] s.w.s.m.m.a.RequestMappingHandlerMapping : 19 mappings in 'requestMappingHandlerMapping'
2025-12-10T17:14:34.228+05:00 DEBUG 41082 --- [User-service] [main] [                                                 ] o.s.w.s.handler.SimpleUrlHandlerMapping  : Patterns [/webjars/**, /**, /swagger-ui*/*swagger-initializer.js, /swagger-ui*/**] in 'resourceHandlerMapping'
2025-12-10T17:14:34.261+05:00  INFO 41082 --- [User-service] [main] [                                                 ] o.s.b.a.e.web.EndpointLinksResolver      : Exposing 2 endpoints beneath base path '/actuator'
2025-12-10T17:14:34.302+05:00 DEBUG 41082 --- [User-service] [main] [                                                 ] o.s.s.web.DefaultSecurityFilterChain     : Will secure any request with filters: DisableEncodeUrlFilter, WebAsyncManagerIntegrationFilter, SecurityContextHolderFilter, HeaderWriterFilter, LogoutFilter, JwtAuthenticationFilter, RequestCacheAwareFilter, SecurityContextHolderAwareRequestFilter, AnonymousAuthenticationFilter, SessionManagementFilter, ExceptionTranslationFilter, AuthorizationFilter
2025-12-10T17:14:34.322+05:00 DEBUG 41082 --- [User-service] [main] [                                                 ] s.w.s.m.m.a.RequestMappingHandlerAdapter : ControllerAdvice beans: 0 @ModelAttribute, 0 @InitBinder, 1 RequestBodyAdvice, 1 ResponseBodyAdvice
2025-12-10T17:14:34.424+05:00  WARN 41082 --- [User-service] [main] [                                                 ] ConfigServletWebServerApplicationContext : Exception encountered during context initialization - cancelling refresh attempt: org.springframework.context.ApplicationContextException: Failed to start bean 'webServerStartStop'
2025-12-10T17:14:34.427+05:00  INFO 41082 --- [User-service] [main] [                                                 ] j.LocalContainerEntityManagerFactoryBean : Closing JPA EntityManagerFactory for persistence unit 'default'
2025-12-10T17:14:34.428+05:00  INFO 41082 --- [User-service] [main] [                                                 ] com.zaxxer.hikari.HikariDataSource       : HikariPool-1 - Shutdown initiated...
2025-12-10T17:14:34.428+05:00  INFO 41082 --- [User-service] [main] [                                                 ] com.zaxxer.hikari.HikariDataSource       : HikariPool-1 - Shutdown completed.
2025-12-10T17:14:35.450+05:00  INFO 41082 --- [User-service] [main] [                                                 ] .s.b.a.l.ConditionEvaluationReportLogger : 

Error starting ApplicationContext. To display the condition evaluation report re-run your application with 'debug' enabled.
2025-12-10T17:14:35.457+05:00 ERROR 41082 --- [User-service] [main] [                                                 ] o.s.b.d.LoggingFailureAnalysisReporter   : 

***************************
APPLICATION FAILED TO START
***************************

Description:

Web server failed to start. Port 8080 was already in use.

Action:

Identify and stop the process that's listening on port 8080 or configure this application to listen on another port.

2025-12-10T17:15:05.564+05:00  INFO 40764 --- [User-service] [SpringApplicationShutdownHook] [                                                 ] o.s.b.w.e.tomcat.GracefulShutdown        : Commencing graceful shutdown. Waiting for active requests to complete
2025-12-10T17:15:05.575+05:00  INFO 40764 --- [User-service] [tomcat-shutdown] [                                                 ] o.s.b.w.e.tomcat.GracefulShutdown        : Graceful shutdown complete
2025-12-10T17:15:05.584+05:00  INFO 40764 --- [User-service] [SpringApplicationShutdownHook] [                                                 ] j.LocalContainerEntityManagerFactoryBean : Closing JPA EntityManagerFactory for persistence unit 'default'
2025-12-10T17:15:05.586+05:00  INFO 40764 --- [User-service] [SpringApplicationShutdownHook] [                                                 ] com.zaxxer.hikari.HikariDataSource       : HikariPool-1 - Shutdown initiated...
2025-12-10T17:15:05.600+05:00  INFO 40764 --- [User-service] [SpringApplicationShutdownHook] [                                                 ] com.zaxxer.hikari.HikariDataSource       : HikariPool-1 - Shutdown completed.
2025-12-10T17:15:20.765+05:00  INFO 41901 --- [User-service] [main] [                                                 ] t.w.userservice.UserServiceApplication   : Starting UserServiceApplication using Java 17.0.16 with PID 41901 (/Users/germancerkasov/Downloads/user-service-main/target/classes started by germancerkasov in /Users/germancerkasov/Downloads/user-service-main)
2025-12-10T17:15:20.766+05:00 DEBUG 41901 --- [User-service] [main] [                                                 ] t.w.userservice.UserServiceApplication   : Running with Spring Boot v3.5.7, Spring v6.2.12
2025-12-10T17:15:20.767+05:00  INFO 41901 --- [User-service] [main] [                                                 ] t.w.userservice.UserServiceApplication   : No active profile set, falling back to 1 default profile: "default"
2025-12-10T17:15:21.190+05:00  INFO 41901 --- [User-service] [main] [                                                 ] .s.d.r.c.RepositoryConfigurationDelegate : Bootstrapping Spring Data JPA repositories in DEFAULT mode.
2025-12-10T17:15:21.209+05:00  INFO 41901 --- [User-service] [main] [                                                 ] .s.d.r.c.RepositoryConfigurationDelegate : Finished Spring Data repository scanning in 16 ms. Found 1 JPA repository interface.
2025-12-10T17:15:21.511+05:00  INFO 41901 --- [User-service] [main] [                                                 ] o.s.b.w.embedded.tomcat.TomcatWebServer  : Tomcat initialized with port 8080 (https)
2025-12-10T17:15:21.520+05:00  INFO 41901 --- [User-service] [main] [                                                 ] o.apache.catalina.core.StandardService   : Starting service [Tomcat]
2025-12-10T17:15:21.520+05:00  INFO 41901 --- [User-service] [main] [                                                 ] o.apache.catalina.core.StandardEngine    : Starting Servlet engine: [Apache Tomcat/10.1.48]
2025-12-10T17:15:21.543+05:00  INFO 41901 --- [User-service] [main] [                                                 ] o.a.c.c.C.[Tomcat].[localhost].[/]       : Initializing Spring embedded WebApplicationContext
2025-12-10T17:15:21.543+05:00  INFO 41901 --- [User-service] [main] [                                                 ] w.s.c.ServletWebServerApplicationContext : Root WebApplicationContext: initialization completed in 757 ms
2025-12-10T17:15:21.671+05:00  WARN 41901 --- [User-service] [main] [                                                 ] JpaBaseConfiguration$JpaWebConfiguration : spring.jpa.open-in-view is enabled by default. Therefore, database queries may be performed during view rendering. Explicitly configure spring.jpa.open-in-view to disable this warning
2025-12-10T17:15:21.706+05:00  INFO 41901 --- [User-service] [main] [                                                 ] o.hibernate.jpa.internal.util.LogHelper  : HHH000204: Processing PersistenceUnitInfo [name: default]
2025-12-10T17:15:21.729+05:00  INFO 41901 --- [User-service] [main] [                                                 ] org.hibernate.Version                    : HHH000412: Hibernate ORM core version 6.6.33.Final
2025-12-10T17:15:21.742+05:00  INFO 41901 --- [User-service] [main] [                                                 ] o.h.c.internal.RegionFactoryInitiator    : HHH000026: Second-level cache disabled
2025-12-10T17:15:21.841+05:00  INFO 41901 --- [User-service] [main] [                                                 ] o.s.o.j.p.SpringPersistenceUnitInfo      : No LoadTimeWeaver setup: ignoring JPA class transformer
2025-12-10T17:15:21.851+05:00  INFO 41901 --- [User-service] [main] [                                                 ] com.zaxxer.hikari.HikariDataSource       : HikariPool-1 - Starting...
2025-12-10T17:15:21.951+05:00  INFO 41901 --- [User-service] [main] [                                                 ] com.zaxxer.hikari.pool.HikariPool        : HikariPool-1 - Added connection org.postgresql.jdbc.PgConnection@2aaa89c2
2025-12-10T17:15:21.952+05:00  INFO 41901 --- [User-service] [main] [                                                 ] com.zaxxer.hikari.HikariDataSource       : HikariPool-1 - Start completed.
2025-12-10T17:15:21.965+05:00  WARN 41901 --- [User-service] [main] [                                                 ] org.hibernate.orm.deprecation            : HHH90000025: PostgreSQLDialect does not need to be specified explicitly using 'hibernate.dialect' (remove the property setting and it will be selected by default)
2025-12-10T17:15:21.974+05:00  INFO 41901 --- [User-service] [main] [                                                 ] org.hibernate.orm.connections.pooling    : HHH10001005: Database info:
	Database JDBC URL [Connecting through datasource 'HikariDataSource (HikariPool-1)']
	Database driver: undefined/unknown
	Database version: 15.14
	Autocommit mode: undefined/unknown
	Isolation level: undefined/unknown
	Minimum pool size: undefined/unknown
	Maximum pool size: undefined/unknown
2025-12-10T17:15:22.262+05:00  INFO 41901 --- [User-service] [main] [                                                 ] o.h.e.t.j.p.i.JtaPlatformInitiator       : HHH000489: No JTA platform available (set 'hibernate.transaction.jta.platform' to enable JTA platform integration)
2025-12-10T17:15:22.283+05:00  INFO 41901 --- [User-service] [main] [                                                 ] j.LocalContainerEntityManagerFactoryBean : Initialized JPA EntityManagerFactory for persistence unit 'default'
2025-12-10T17:15:22.325+05:00 DEBUG 41901 --- [User-service] [main] [                                                 ] .m.m.a.ExceptionHandlerExceptionResolver : ControllerAdvice beans: 2 @ExceptionHandler, 1 ResponseBodyAdvice
2025-12-10T17:15:22.440+05:00 DEBUG 41901 --- [User-service] [main] [                                                 ] t.w.u.config.JwtAuthenticationFilter     : Filter 'jwtAuthenticationFilter' configured for use
2025-12-10T17:15:22.440+05:00 DEBUG 41901 --- [User-service] [main] [                                                 ] o.s.w.f.ServerHttpObservationFilter      : Filter 'webMvcObservationFilter' configured for use
2025-12-10T17:15:22.462+05:00  INFO 41901 --- [User-service] [main] [                                                 ] eAuthenticationProviderManagerConfigurer : Global AuthenticationManager configured with AuthenticationProvider bean with name authenticationProvider
2025-12-10T17:15:22.463+05:00  WARN 41901 --- [User-service] [main] [                                                 ] r$InitializeUserDetailsManagerConfigurer : Global AuthenticationManager configured with an AuthenticationProvider bean. UserDetailsService beans will not be used by Spring Security for automatically configuring username/password login. Consider removing the AuthenticationProvider bean. Alternatively, consider using the UserDetailsService in a manually instantiated DaoAuthenticationProvider. If the current configuration is intentional, to turn off this warning, increase the logging level of 'org.springframework.security.config.annotation.authentication.configuration.InitializeUserDetailsBeanManagerConfigurer' to ERROR
2025-12-10T17:15:22.546+05:00 DEBUG 41901 --- [User-service] [main] [                                                 ] s.w.s.m.m.a.RequestMappingHandlerMapping : 19 mappings in 'requestMappingHandlerMapping'
2025-12-10T17:15:22.557+05:00 DEBUG 41901 --- [User-service] [main] [                                                 ] o.s.w.s.handler.SimpleUrlHandlerMapping  : Patterns [/webjars/**, /**, /swagger-ui*/*swagger-initializer.js, /swagger-ui*/**] in 'resourceHandlerMapping'
2025-12-10T17:15:22.592+05:00  INFO 41901 --- [User-service] [main] [                                                 ] o.s.b.a.e.web.EndpointLinksResolver      : Exposing 2 endpoints beneath base path '/actuator'
2025-12-10T17:15:22.635+05:00 DEBUG 41901 --- [User-service] [main] [                                                 ] o.s.s.web.DefaultSecurityFilterChain     : Will secure any request with filters: DisableEncodeUrlFilter, WebAsyncManagerIntegrationFilter, SecurityContextHolderFilter, HeaderWriterFilter, LogoutFilter, JwtAuthenticationFilter, RequestCacheAwareFilter, SecurityContextHolderAwareRequestFilter, AnonymousAuthenticationFilter, SessionManagementFilter, ExceptionTranslationFilter, AuthorizationFilter
2025-12-10T17:15:22.653+05:00 DEBUG 41901 --- [User-service] [main] [                                                 ] s.w.s.m.m.a.RequestMappingHandlerAdapter : ControllerAdvice beans: 0 @ModelAttribute, 0 @InitBinder, 1 RequestBodyAdvice, 1 ResponseBodyAdvice
2025-12-10T17:15:22.772+05:00  INFO 41901 --- [User-service] [main] [                                                 ] o.a.t.util.net.NioEndpoint.certificate   : Connector [https-jsse-nio-8080], TLS virtual host [_default_], certificate type [UNDEFINED] configured from keystore [/Users/germancerkasov/.keystore] using alias [tomcat] with trust store [null]
2025-12-10T17:15:22.775+05:00  INFO 41901 --- [User-service] [main] [                                                 ] o.s.b.w.embedded.tomcat.TomcatWebServer  : Tomcat started on port 8080 (https) with context path '/'
2025-12-10T17:15:22.784+05:00  INFO 41901 --- [User-service] [main] [                                                 ] t.w.userservice.UserServiceApplication   : Started UserServiceApplication in 2.194 seconds (process running for 2.374)
2025-12-10T17:16:28.176+05:00  INFO 41901 --- [User-service] [https-jsse-nio-8080-exec-6] [                                                 ] o.a.c.c.C.[Tomcat].[localhost].[/]       : Initializing Spring DispatcherServlet 'dispatcherServlet'
2025-12-10T17:16:28.176+05:00  INFO 41901 --- [User-service] [https-jsse-nio-8080-exec-6] [                                                 ] o.s.web.servlet.DispatcherServlet        : Initializing Servlet 'dispatcherServlet'
2025-12-10T17:16:28.177+05:00 DEBUG 41901 --- [User-service] [https-jsse-nio-8080-exec-6] [                                                 ] o.s.web.servlet.DispatcherServlet        : Detected StandardServletMultipartResolver
2025-12-10T17:16:28.177+05:00 DEBUG 41901 --- [User-service] [https-jsse-nio-8080-exec-6] [                                                 ] o.s.web.servlet.DispatcherServlet        : Detected AcceptHeaderLocaleResolver
2025-12-10T17:16:28.177+05:00 DEBUG 41901 --- [User-service] [https-jsse-nio-8080-exec-6] [                                                 ] o.s.web.servlet.DispatcherServlet        : Detected FixedThemeResolver
2025-12-10T17:16:28.181+05:00 DEBUG 41901 --- [User-service] [https-jsse-nio-8080-exec-6] [                                                 ] o.s.web.servlet.DispatcherServlet        : Detected org.springframework.web.servlet.view.DefaultRequestToViewNameTranslator@45295bed
2025-12-10T17:16:28.181+05:00 DEBUG 41901 --- [User-service] [https-jsse-nio-8080-exec-6] [                                                 ] o.s.web.servlet.DispatcherServlet        : Detected org.springframework.web.servlet.support.SessionFlashMapManager@75c8855e
2025-12-10T17:16:28.181+05:00 DEBUG 41901 --- [User-service] [https-jsse-nio-8080-exec-6] [                                                 ] o.s.web.servlet.DispatcherServlet        : enableLoggingRequestDetails='false': request parameters and headers will be masked to prevent unsafe logging of potentially sensitive data
2025-12-10T17:16:28.182+05:00  INFO 41901 --- [User-service] [https-jsse-nio-8080-exec-6] [                                                 ] o.s.web.servlet.DispatcherServlet        : Completed initialization in 6 ms
2025-12-10T17:16:28.201+05:00 DEBUG 41901 --- [User-service] [https-jsse-nio-8080-exec-6] [6939649b1d6b50b831c5ee9ab51da36b-b97d2669320a6aa4] o.s.security.web.FilterChainProxy        : Securing POST /auth/login
2025-12-10T17:16:28.206+05:00 DEBUG 41901 --- [User-service] [https-jsse-nio-8080-exec-6] [6939649b1d6b50b831c5ee9ab51da36b-31a5b18c1d8896d3] o.s.s.w.a.AnonymousAuthenticationFilter  : Set SecurityContextHolder to anonymous SecurityContext
2025-12-10T17:16:28.211+05:00 DEBUG 41901 --- [User-service] [https-jsse-nio-8080-exec-6] [6939649b1d6b50b831c5ee9ab51da36b-e34682dcd440d0e7] o.s.security.web.FilterChainProxy        : Secured POST /auth/login
2025-12-10T17:16:28.220+05:00 DEBUG 41901 --- [User-service] [https-jsse-nio-8080-exec-6] [6939649b1d6b50b831c5ee9ab51da36b-e34682dcd440d0e7] o.s.web.servlet.DispatcherServlet        : POST "/auth/login", parameters={}
2025-12-10T17:16:28.221+05:00 DEBUG 41901 --- [User-service] [https-jsse-nio-8080-exec-6] [6939649b1d6b50b831c5ee9ab51da36b-e34682dcd440d0e7] s.w.s.m.m.a.RequestMappingHandlerMapping : Mapped to test.weewee.userservice.controller.AuthenticationController#login(LoginRequest)
2025-12-10T17:16:28.267+05:00 DEBUG 41901 --- [User-service] [https-jsse-nio-8080-exec-6] [6939649b1d6b50b831c5ee9ab51da36b-e34682dcd440d0e7] m.m.a.RequestResponseBodyMethodProcessor : Read "application/json;charset=UTF-8" to [LoginRequest(email=weewee@admin.com, password=Admin21W)]
2025-12-10T17:16:28.283+05:00  INFO 41901 --- [User-service] [https-jsse-nio-8080-exec-6] [6939649b1d6b50b831c5ee9ab51da36b-e34682dcd440d0e7] t.w.u.c.AuthenticationController         : POST /auth/login - login attempt for: weewee@admin.com
2025-12-10T17:16:28.283+05:00  INFO 41901 --- [User-service] [https-jsse-nio-8080-exec-6] [6939649b1d6b50b831c5ee9ab51da36b-e34682dcd440d0e7] t.w.u.service.AuthenticationService      : Authentication attempt for user: weewee@admin.com
2025-12-10T17:16:28.332+05:00 DEBUG 41901 --- [User-service] [https-jsse-nio-8080-exec-6] [6939649b1d6b50b831c5ee9ab51da36b-e34682dcd440d0e7] org.hibernate.SQL                        : 
    select
        u1_0.id,
        u1_0.created_at,
        u1_0.email,
        u1_0.first_name,
        u1_0.last_name,
        u1_0.password,
        u1_0.phone,
        u1_0.role,
        u1_0.updated_at 
    from
        users u1_0 
    where
        u1_0.email=?
2025-12-10T17:16:28.418+05:00 DEBUG 41901 --- [User-service] [https-jsse-nio-8080-exec-6] [6939649b1d6b50b831c5ee9ab51da36b-e34682dcd440d0e7] org.hibernate.SQL                        : 
    select
        u1_0.id,
        u1_0.created_at,
        u1_0.email,
        u1_0.first_name,
        u1_0.last_name,
        u1_0.password,
        u1_0.phone,
        u1_0.role,
        u1_0.updated_at 
    from
        users u1_0 
    where
        u1_0.email=?
2025-12-10T17:16:28.482+05:00 DEBUG 41901 --- [User-service] [https-jsse-nio-8080-exec-6] [6939649b1d6b50b831c5ee9ab51da36b-e34682dcd440d0e7] o.s.s.a.dao.DaoAuthenticationProvider    : Authenticated user
2025-12-10T17:16:28.483+05:00 DEBUG 41901 --- [User-service] [https-jsse-nio-8080-exec-6] [6939649b1d6b50b831c5ee9ab51da36b-e34682dcd440d0e7] t.w.u.service.AuthenticationService      : Spring Security authentication successful for: weewee@admin.com
2025-12-10T17:16:28.483+05:00 DEBUG 41901 --- [User-service] [https-jsse-nio-8080-exec-6] [6939649b1d6b50b831c5ee9ab51da36b-e34682dcd440d0e7] t.weewee.userservice.security.JwtUtil    : Generating access token for user: d33df2df-fc86-4294-8b4e-5f5b78e48490 with role: ADMIN
2025-12-10T17:16:28.495+05:00 DEBUG 41901 --- [User-service] [https-jsse-nio-8080-exec-6] [6939649b1d6b50b831c5ee9ab51da36b-e34682dcd440d0e7] t.weewee.userservice.security.JwtUtil    : === ACCESS TOKEN GENERATED ===
2025-12-10T17:16:28.495+05:00 DEBUG 41901 --- [User-service] [https-jsse-nio-8080-exec-6] [6939649b1d6b50b831c5ee9ab51da36b-e34682dcd440d0e7] t.weewee.userservice.security.JwtUtil    : For user ID: d33df2df-fc86-4294-8b4e-5f5b78e48490 with role: ADMIN
2025-12-10T17:16:28.495+05:00 DEBUG 41901 --- [User-service] [https-jsse-nio-8080-exec-6] [6939649b1d6b50b831c5ee9ab51da36b-e34682dcd440d0e7] t.weewee.userservice.security.JwtUtil    : Token: eyJhbGciOiJIUzUxMiJ9.eyJzdWIiOiJkMzNkZjJkZi1mYzg2L...
2025-12-10T17:16:28.495+05:00 DEBUG 41901 --- [User-service] [https-jsse-nio-8080-exec-6] [6939649b1d6b50b831c5ee9ab51da36b-e34682dcd440d0e7] t.weewee.userservice.security.JwtUtil    : Length: 235
2025-12-10T17:16:28.495+05:00 DEBUG 41901 --- [User-service] [https-jsse-nio-8080-exec-6] [6939649b1d6b50b831c5ee9ab51da36b-e34682dcd440d0e7] t.weewee.userservice.security.JwtUtil    : Expires in: 3600000 ms
2025-12-10T17:16:28.495+05:00 DEBUG 41901 --- [User-service] [https-jsse-nio-8080-exec-6] [6939649b1d6b50b831c5ee9ab51da36b-e34682dcd440d0e7] t.weewee.userservice.security.JwtUtil    : Generating refresh token for user: d33df2df-fc86-4294-8b4e-5f5b78e48490
2025-12-10T17:16:28.496+05:00 DEBUG 41901 --- [User-service] [https-jsse-nio-8080-exec-6] [6939649b1d6b50b831c5ee9ab51da36b-e34682dcd440d0e7] t.weewee.userservice.security.JwtUtil    : Generated refresh token: eyJhbGciOiJIUzUxMiJ9... (length: 215)
2025-12-10T17:16:28.496+05:00  INFO 41901 --- [User-service] [https-jsse-nio-8080-exec-6] [6939649b1d6b50b831c5ee9ab51da36b-e34682dcd440d0e7] t.w.u.service.AuthenticationService      : Successful authentication for user: weewee@admin.com
2025-12-10T17:16:28.496+05:00 DEBUG 41901 --- [User-service] [https-jsse-nio-8080-exec-6] [6939649b1d6b50b831c5ee9ab51da36b-e34682dcd440d0e7] t.weewee.userservice.security.JwtUtil    : Validating token: eyJhbGciOiJIUzUxMiJ9.eyJzdWIiO...
2025-12-10T17:16:28.503+05:00 DEBUG 41901 --- [User-service] [https-jsse-nio-8080-exec-6] [6939649b1d6b50b831c5ee9ab51da36b-e34682dcd440d0e7] t.weewee.userservice.security.JwtUtil    : Token validation successful
2025-12-10T17:16:28.503+05:00 DEBUG 41901 --- [User-service] [https-jsse-nio-8080-exec-6] [6939649b1d6b50b831c5ee9ab51da36b-e34682dcd440d0e7] t.w.userservice.service.CookieService    : Creating cookie: refreshToken (secure: true)
2025-12-10T17:16:28.504+05:00 DEBUG 41901 --- [User-service] [https-jsse-nio-8080-exec-6] [6939649b1d6b50b831c5ee9ab51da36b-e34682dcd440d0e7] t.w.userservice.service.CookieService    : Cookie created: path=/, secure=true, httpOnly=true, sameSite=None, maxAge=604800
2025-12-10T17:16:28.507+05:00  INFO 41901 --- [User-service] [https-jsse-nio-8080-exec-6] [6939649b1d6b50b831c5ee9ab51da36b-e34682dcd440d0e7] t.w.u.c.AuthenticationController         : Login successful for: weewee@admin.com
2025-12-10T17:16:28.514+05:00 DEBUG 41901 --- [User-service] [https-jsse-nio-8080-exec-6] [6939649b1d6b50b831c5ee9ab51da36b-e34682dcd440d0e7] o.s.w.s.m.m.a.HttpEntityMethodProcessor  : Using 'application/json', given [*/*] and supported [application/json, application/*+json, application/yaml]
2025-12-10T17:16:28.515+05:00 DEBUG 41901 --- [User-service] [https-jsse-nio-8080-exec-6] [6939649b1d6b50b831c5ee9ab51da36b-e34682dcd440d0e7] o.s.w.s.m.m.a.HttpEntityMethodProcessor  : Writing [LoginResponse(user=UserResponse(id=d33df2df-fc86-4294-8b4e-5f5b78e48490, email=weewee@admin.com, fir (truncated)...]
2025-12-10T17:16:28.519+05:00 DEBUG 41901 --- [User-service] [https-jsse-nio-8080-exec-6] [6939649b1d6b50b831c5ee9ab51da36b-e34682dcd440d0e7] o.s.web.servlet.DispatcherServlet        : Completed 200 OK
2025-12-10T17:19:38.621+05:00 DEBUG 41901 --- [User-service] [https-jsse-nio-8080-exec-3] [6939655a3d04dee6985276c4f1c3e3eb-b8272c24ae493c53] o.s.security.web.FilterChainProxy        : Securing POST /auth/login
2025-12-10T17:19:38.623+05:00 DEBUG 41901 --- [User-service] [https-jsse-nio-8080-exec-3] [6939655a3d04dee6985276c4f1c3e3eb-4ca7bdba1d6580c7] o.s.s.w.a.AnonymousAuthenticationFilter  : Set SecurityContextHolder to anonymous SecurityContext
2025-12-10T17:19:38.624+05:00 DEBUG 41901 --- [User-service] [https-jsse-nio-8080-exec-3] [6939655a3d04dee6985276c4f1c3e3eb-41157e14e8f57c38] o.s.security.web.FilterChainProxy        : Secured POST /auth/login
2025-12-10T17:19:38.624+05:00 DEBUG 41901 --- [User-service] [https-jsse-nio-8080-exec-3] [6939655a3d04dee6985276c4f1c3e3eb-41157e14e8f57c38] o.s.web.servlet.DispatcherServlet        : POST "/auth/login", parameters={}
2025-12-10T17:19:38.625+05:00 DEBUG 41901 --- [User-service] [https-jsse-nio-8080-exec-3] [6939655a3d04dee6985276c4f1c3e3eb-41157e14e8f57c38] s.w.s.m.m.a.RequestMappingHandlerMapping : Mapped to test.weewee.userservice.controller.AuthenticationController#login(LoginRequest)
2025-12-10T17:19:38.628+05:00 DEBUG 41901 --- [User-service] [https-jsse-nio-8080-exec-3] [6939655a3d04dee6985276c4f1c3e3eb-41157e14e8f57c38] m.m.a.RequestResponseBodyMethodProcessor : Read "application/json;charset=UTF-8" to [LoginRequest(email=boga1@gmail.com, password=Password123!)]
2025-12-10T17:19:38.630+05:00  INFO 41901 --- [User-service] [https-jsse-nio-8080-exec-3] [6939655a3d04dee6985276c4f1c3e3eb-41157e14e8f57c38] t.w.u.c.AuthenticationController         : POST /auth/login - login attempt for: boga1@gmail.com
2025-12-10T17:19:38.630+05:00  INFO 41901 --- [User-service] [https-jsse-nio-8080-exec-3] [6939655a3d04dee6985276c4f1c3e3eb-41157e14e8f57c38] t.w.u.service.AuthenticationService      : Authentication attempt for user: boga1@gmail.com
2025-12-10T17:19:38.633+05:00 DEBUG 41901 --- [User-service] [https-jsse-nio-8080-exec-3] [6939655a3d04dee6985276c4f1c3e3eb-41157e14e8f57c38] org.hibernate.SQL                        : 
    select
        u1_0.id,
        u1_0.created_at,
        u1_0.email,
        u1_0.first_name,
        u1_0.last_name,
        u1_0.password,
        u1_0.phone,
        u1_0.role,
        u1_0.updated_at 
    from
        users u1_0 
    where
        u1_0.email=?
2025-12-10T17:19:38.639+05:00  WARN 41901 --- [User-service] [https-jsse-nio-8080-exec-3] [6939655a3d04dee6985276c4f1c3e3eb-41157e14e8f57c38] t.w.u.service.AuthenticationService      : Authentication failed - user not found: boga1@gmail.com
2025-12-10T17:19:38.642+05:00 ERROR 41901 --- [User-service] [https-jsse-nio-8080-exec-3] [6939655a3d04dee6985276c4f1c3e3eb-41157e14e8f57c38] t.w.u.c.AuthenticationController         : Login failed for: boga1@gmail.com

test.weewee.userservice.exception.AuthException: Пользователь с таким email не найден
	at test.weewee.userservice.service.AuthenticationService.lambda$0(AuthenticationService.java:67) ~[classes/:na]
	at java.base/java.util.Optional.orElseThrow(Optional.java:403) ~[na:na]
	at test.weewee.userservice.service.AuthenticationService.authenticate(AuthenticationService.java:65) ~[classes/:na]
	at java.base/jdk.internal.reflect.NativeMethodAccessorImpl.invoke0(Native Method) ~[na:na]
	at java.base/jdk.internal.reflect.NativeMethodAccessorImpl.invoke(NativeMethodAccessorImpl.java:77) ~[na:na]
	at java.base/jdk.internal.reflect.DelegatingMethodAccessorImpl.invoke(DelegatingMethodAccessorImpl.java:43) ~[na:na]
	at java.base/java.lang.reflect.Method.invoke(Method.java:569) ~[na:na]
	at org.springframework.aop.support.AopUtils.invokeJoinpointUsingReflection(AopUtils.java:360) ~[spring-aop-6.2.12.jar:6.2.12]
	at org.springframework.aop.framework.CglibAopProxy$DynamicAdvisedInterceptor.intercept(CglibAopProxy.java:724) ~[spring-aop-6.2.12.jar:6.2.12]
	at test.weewee.userservice.service.AuthenticationService$$SpringCGLIB$$0.authenticate(<generated>) ~[classes/:na]
	at test.weewee.userservice.controller.AuthenticationController.login(AuthenticationController.java:74) ~[classes/:na]
	at java.base/jdk.internal.reflect.NativeMethodAccessorImpl.invoke0(Native Method) ~[na:na]
	at java.base/jdk.internal.reflect.NativeMethodAccessorImpl.invoke(NativeMethodAccessorImpl.java:77) ~[na:na]
	at java.base/jdk.internal.reflect.DelegatingMethodAccessorImpl.invoke(DelegatingMethodAccessorImpl.java:43) ~[na:na]
	at java.base/java.lang.reflect.Method.invoke(Method.java:569) ~[na:na]
	at org.springframework.web.method.support.InvocableHandlerMethod.doInvoke(InvocableHandlerMethod.java:258) ~[spring-web-6.2.12.jar:6.2.12]
	at org.springframework.web.method.support.InvocableHandlerMethod.invokeForRequest(InvocableHandlerMethod.java:191) ~[spring-web-6.2.12.jar:6.2.12]
	at org.springframework.web.servlet.mvc.method.annotation.ServletInvocableHandlerMethod.invokeAndHandle(ServletInvocableHandlerMethod.java:118) ~[spring-webmvc-6.2.12.jar:6.2.12]
	at org.springframework.web.servlet.mvc.method.annotation.RequestMappingHandlerAdapter.invokeHandlerMethod(RequestMappingHandlerAdapter.java:991) ~[spring-webmvc-6.2.12.jar:6.2.12]
	at org.springframework.web.servlet.mvc.method.annotation.RequestMappingHandlerAdapter.handleInternal(RequestMappingHandlerAdapter.java:896) ~[spring-webmvc-6.2.12.jar:6.2.12]
	at org.springframework.web.servlet.mvc.method.AbstractHandlerMethodAdapter.handle(AbstractHandlerMethodAdapter.java:87) ~[spring-webmvc-6.2.12.jar:6.2.12]
	at org.springframework.web.servlet.DispatcherServlet.doDispatch(DispatcherServlet.java:1089) ~[spring-webmvc-6.2.12.jar:6.2.12]
	at org.springframework.web.servlet.DispatcherServlet.doService(DispatcherServlet.java:979) ~[spring-webmvc-6.2.12.jar:6.2.12]
	at org.springframework.web.servlet.FrameworkServlet.processRequest(FrameworkServlet.java:1014) ~[spring-webmvc-6.2.12.jar:6.2.12]
	at org.springframework.web.servlet.FrameworkServlet.doPost(FrameworkServlet.java:914) ~[spring-webmvc-6.2.12.jar:6.2.12]
	at jakarta.servlet.http.HttpServlet.service(HttpServlet.java:590) ~[tomcat-embed-core-10.1.48.jar:6.0]
	at org.springframework.web.servlet.FrameworkServlet.service(FrameworkServlet.java:885) ~[spring-webmvc-6.2.12.jar:6.2.12]
	at jakarta.servlet.http.HttpServlet.service(HttpServlet.java:658) ~[tomcat-embed-core-10.1.48.jar:6.0]
	at org.apache.catalina.core.ApplicationFilterChain.internalDoFilter(ApplicationFilterChain.java:193) ~[tomcat-embed-core-10.1.48.jar:10.1.48]
	at org.apache.catalina.core.ApplicationFilterChain.doFilter(ApplicationFilterChain.java:138) ~[tomcat-embed-core-10.1.48.jar:10.1.48]
	at org.apache.tomcat.websocket.server.WsFilter.doFilter(WsFilter.java:51) ~[tomcat-embed-websocket-10.1.48.jar:10.1.48]
	at org.apache.catalina.core.ApplicationFilterChain.internalDoFilter(ApplicationFilterChain.java:162) ~[tomcat-embed-core-10.1.48.jar:10.1.48]
	at org.apache.catalina.core.ApplicationFilterChain.doFilter(ApplicationFilterChain.java:138) ~[tomcat-embed-core-10.1.48.jar:10.1.48]
	at org.springframework.web.filter.OncePerRequestFilter.doFilter(OncePerRequestFilter.java:110) ~[spring-web-6.2.12.jar:6.2.12]
	at org.apache.catalina.core.ApplicationFilterChain.internalDoFilter(ApplicationFilterChain.java:162) ~[tomcat-embed-core-10.1.48.jar:10.1.48]
	at org.apache.catalina.core.ApplicationFilterChain.doFilter(ApplicationFilterChain.java:138) ~[tomcat-embed-core-10.1.48.jar:10.1.48]
	at org.springframework.web.filter.CompositeFilter$VirtualFilterChain.doFilter(CompositeFilter.java:108) ~[spring-web-6.2.12.jar:6.2.12]
	at org.springframework.web.filter.CompositeFilter$VirtualFilterChain.doFilter(CompositeFilter.java:108) ~[spring-web-6.2.12.jar:6.2.12]
	at org.springframework.security.web.FilterChainProxy.lambda$doFilterInternal$3(FilterChainProxy.java:231) ~[spring-security-web-6.5.6.jar:6.5.6]
	at org.springframework.security.web.ObservationFilterChainDecorator$FilterObservation$SimpleFilterObservation.lambda$wrap$1(ObservationFilterChainDecorator.java:490) ~[spring-security-web-6.5.6.jar:6.5.6]
	at org.springframework.security.web.ObservationFilterChainDecorator$AroundFilterObservation$SimpleAroundFilterObservation.lambda$wrap$1(ObservationFilterChainDecorator.java:351) ~[spring-security-web-6.5.6.jar:6.5.6]
	at org.springframework.security.web.ObservationFilterChainDecorator.lambda$wrapSecured$0(ObservationFilterChainDecorator.java:83) ~[spring-security-web-6.5.6.jar:6.5.6]
	at org.springframework.security.web.ObservationFilterChainDecorator$VirtualFilterChain.doFilter(ObservationFilterChainDecorator.java:129) ~[spring-security-web-6.5.6.jar:6.5.6]
	at org.springframework.security.web.access.intercept.AuthorizationFilter.doFilter(AuthorizationFilter.java:101) ~[spring-security-web-6.5.6.jar:6.5.6]
	at org.springframework.security.web.ObservationFilterChainDecorator$ObservationFilter.wrapFilter(ObservationFilterChainDecorator.java:241) ~[spring-security-web-6.5.6.jar:6.5.6]
	at org.springframework.security.web.ObservationFilterChainDecorator$ObservationFilter.doFilter(ObservationFilterChainDecorator.java:228) ~[spring-security-web-6.5.6.jar:6.5.6]
	at org.springframework.security.web.ObservationFilterChainDecorator$VirtualFilterChain.doFilter(ObservationFilterChainDecorator.java:138) ~[spring-security-web-6.5.6.jar:6.5.6]
	at org.springframework.security.web.access.ExceptionTranslationFilter.doFilter(ExceptionTranslationFilter.java:125) ~[spring-security-web-6.5.6.jar:6.5.6]
	at org.springframework.security.web.access.ExceptionTranslationFilter.doFilter(ExceptionTranslationFilter.java:119) ~[spring-security-web-6.5.6.jar:6.5.6]
	at org.springframework.security.web.ObservationFilterChainDecorator$ObservationFilter.wrapFilter(ObservationFilterChainDecorator.java:241) ~[spring-security-web-6.5.6.jar:6.5.6]
	at org.springframework.security.web.ObservationFilterChainDecorator$ObservationFilter.doFilter(ObservationFilterChainDecorator.java:228) ~[spring-security-web-6.5.6.jar:6.5.6]
	at org.springframework.security.web.ObservationFilterChainDecorator$VirtualFilterChain.doFilter(ObservationFilterChainDecorator.java:138) ~[spring-security-web-6.5.6.jar:6.5.6]
	at org.springframework.security.web.session.SessionManagementFilter.doFilter(SessionManagementFilter.java:131) ~[spring-security-web-6.5.6.jar:6.5.6]
	at org.springframework.security.web.session.SessionManagementFilter.doFilter(SessionManagementFilter.java:85) ~[spring-security-web-6.5.6.jar:6.5.6]
	at org.springframework.security.web.ObservationFilterChainDecorator$ObservationFilter.wrapFilter(ObservationFilterChainDecorator.java:241) ~[spring-security-web-6.5.6.jar:6.5.6]
	at org.springframework.security.web.ObservationFilterChainDecorator$ObservationFilter.doFilter(ObservationFilterChainDecorator.java:228) ~[spring-security-web-6.5.6.jar:6.5.6]
	at org.springframework.security.web.ObservationFilterChainDecorator$VirtualFilterChain.doFilter(ObservationFilterChainDecorator.java:138) ~[spring-security-web-6.5.6.jar:6.5.6]
	at org.springframework.security.web.authentication.AnonymousAuthenticationFilter.doFilter(AnonymousAuthenticationFilter.java:100) ~[spring-security-web-6.5.6.jar:6.5.6]
	at org.springframework.security.web.ObservationFilterChainDecorator$ObservationFilter.wrapFilter(ObservationFilterChainDecorator.java:241) ~[spring-security-web-6.5.6.jar:6.5.6]
	at org.springframework.security.web.ObservationFilterChainDecorator$ObservationFilter.doFilter(ObservationFilterChainDecorator.java:228) ~[spring-security-web-6.5.6.jar:6.5.6]
	at org.springframework.security.web.ObservationFilterChainDecorator$VirtualFilterChain.doFilter(ObservationFilterChainDecorator.java:138) ~[spring-security-web-6.5.6.jar:6.5.6]
	at org.springframework.security.web.servletapi.SecurityContextHolderAwareRequestFilter.doFilter(SecurityContextHolderAwareRequestFilter.java:179) ~[spring-security-web-6.5.6.jar:6.5.6]
	at org.springframework.security.web.ObservationFilterChainDecorator$ObservationFilter.wrapFilter(ObservationFilterChainDecorator.java:241) ~[spring-security-web-6.5.6.jar:6.5.6]
	at org.springframework.security.web.ObservationFilterChainDecorator$ObservationFilter.doFilter(ObservationFilterChainDecorator.java:228) ~[spring-security-web-6.5.6.jar:6.5.6]
	at org.springframework.security.web.ObservationFilterChainDecorator$VirtualFilterChain.doFilter(ObservationFilterChainDecorator.java:138) ~[spring-security-web-6.5.6.jar:6.5.6]
	at org.springframework.security.web.savedrequest.RequestCacheAwareFilter.doFilter(RequestCacheAwareFilter.java:63) ~[spring-security-web-6.5.6.jar:6.5.6]
	at org.springframework.security.web.ObservationFilterChainDecorator$ObservationFilter.wrapFilter(ObservationFilterChainDecorator.java:241) ~[spring-security-web-6.5.6.jar:6.5.6]
	at org.springframework.security.web.ObservationFilterChainDecorator$ObservationFilter.doFilter(ObservationFilterChainDecorator.java:228) ~[spring-security-web-6.5.6.jar:6.5.6]
	at org.springframework.security.web.ObservationFilterChainDecorator$VirtualFilterChain.doFilter(ObservationFilterChainDecorator.java:138) ~[spring-security-web-6.5.6.jar:6.5.6]
	at test.weewee.userservice.config.JwtAuthenticationFilter.doFilterInternal(JwtAuthenticationFilter.java:45) ~[classes/:na]
	at org.springframework.web.filter.OncePerRequestFilter.doFilter(OncePerRequestFilter.java:116) ~[spring-web-6.2.12.jar:6.2.12]
	at org.springframework.security.web.ObservationFilterChainDecorator$ObservationFilter.wrapFilter(ObservationFilterChainDecorator.java:241) ~[spring-security-web-6.5.6.jar:6.5.6]
	at org.springframework.security.web.ObservationFilterChainDecorator$ObservationFilter.doFilter(ObservationFilterChainDecorator.java:228) ~[spring-security-web-6.5.6.jar:6.5.6]
	at org.springframework.security.web.ObservationFilterChainDecorator$VirtualFilterChain.doFilter(ObservationFilterChainDecorator.java:138) ~[spring-security-web-6.5.6.jar:6.5.6]
	at org.springframework.security.web.authentication.logout.LogoutFilter.doFilter(LogoutFilter.java:107) ~[spring-security-web-6.5.6.jar:6.5.6]
	at org.springframework.security.web.authentication.logout.LogoutFilter.doFilter(LogoutFilter.java:93) ~[spring-security-web-6.5.6.jar:6.5.6]
	at org.springframework.security.web.ObservationFilterChainDecorator$ObservationFilter.wrapFilter(ObservationFilterChainDecorator.java:241) ~[spring-security-web-6.5.6.jar:6.5.6]
	at org.springframework.security.web.ObservationFilterChainDecorator$ObservationFilter.doFilter(ObservationFilterChainDecorator.java:228) ~[spring-security-web-6.5.6.jar:6.5.6]
	at org.springframework.security.web.ObservationFilterChainDecorator$VirtualFilterChain.doFilter(ObservationFilterChainDecorator.java:138) ~[spring-security-web-6.5.6.jar:6.5.6]
	at org.springframework.security.web.header.HeaderWriterFilter.doHeadersAfter(HeaderWriterFilter.java:90) ~[spring-security-web-6.5.6.jar:6.5.6]
	at org.springframework.security.web.header.HeaderWriterFilter.doFilterInternal(HeaderWriterFilter.java:75) ~[spring-security-web-6.5.6.jar:6.5.6]
	at org.springframework.web.filter.OncePerRequestFilter.doFilter(OncePerRequestFilter.java:116) ~[spring-web-6.2.12.jar:6.2.12]
	at org.springframework.security.web.ObservationFilterChainDecorator$ObservationFilter.wrapFilter(ObservationFilterChainDecorator.java:241) ~[spring-security-web-6.5.6.jar:6.5.6]
	at org.springframework.security.web.ObservationFilterChainDecorator$ObservationFilter.doFilter(ObservationFilterChainDecorator.java:228) ~[spring-security-web-6.5.6.jar:6.5.6]
	at org.springframework.security.web.ObservationFilterChainDecorator$VirtualFilterChain.doFilter(ObservationFilterChainDecorator.java:138) ~[spring-security-web-6.5.6.jar:6.5.6]
	at org.springframework.security.web.context.SecurityContextHolderFilter.doFilter(SecurityContextHolderFilter.java:82) ~[spring-security-web-6.5.6.jar:6.5.6]
	at org.springframework.security.web.context.SecurityContextHolderFilter.doFilter(SecurityContextHolderFilter.java:69) ~[spring-security-web-6.5.6.jar:6.5.6]
	at org.springframework.security.web.ObservationFilterChainDecorator$ObservationFilter.wrapFilter(ObservationFilterChainDecorator.java:241) ~[spring-security-web-6.5.6.jar:6.5.6]
	at org.springframework.security.web.ObservationFilterChainDecorator$ObservationFilter.doFilter(ObservationFilterChainDecorator.java:228) ~[spring-security-web-6.5.6.jar:6.5.6]
	at org.springframework.security.web.ObservationFilterChainDecorator$VirtualFilterChain.doFilter(ObservationFilterChainDecorator.java:138) ~[spring-security-web-6.5.6.jar:6.5.6]
	at org.springframework.security.web.context.request.async.WebAsyncManagerIntegrationFilter.doFilterInternal(WebAsyncManagerIntegrationFilter.java:62) ~[spring-security-web-6.5.6.jar:6.5.6]
	at org.springframework.web.filter.OncePerRequestFilter.doFilter(OncePerRequestFilter.java:116) ~[spring-web-6.2.12.jar:6.2.12]
	at org.springframework.security.web.ObservationFilterChainDecorator$ObservationFilter.wrapFilter(ObservationFilterChainDecorator.java:241) ~[spring-security-web-6.5.6.jar:6.5.6]
	at org.springframework.security.web.ObservationFilterChainDecorator$ObservationFilter.doFilter(ObservationFilterChainDecorator.java:228) ~[spring-security-web-6.5.6.jar:6.5.6]
	at org.springframework.security.web.ObservationFilterChainDecorator$VirtualFilterChain.doFilter(ObservationFilterChainDecorator.java:138) ~[spring-security-web-6.5.6.jar:6.5.6]
	at org.springframework.security.web.session.DisableEncodeUrlFilter.doFilterInternal(DisableEncodeUrlFilter.java:42) ~[spring-security-web-6.5.6.jar:6.5.6]
	at org.springframework.web.filter.OncePerRequestFilter.doFilter(OncePerRequestFilter.java:116) ~[spring-web-6.2.12.jar:6.2.12]
	at org.springframework.security.web.ObservationFilterChainDecorator$ObservationFilter.wrapFilter(ObservationFilterChainDecorator.java:241) ~[spring-security-web-6.5.6.jar:6.5.6]
	at org.springframework.security.web.ObservationFilterChainDecorator$AroundFilterObservation$SimpleAroundFilterObservation.lambda$wrap$0(ObservationFilterChainDecorator.java:334) ~[spring-security-web-6.5.6.jar:6.5.6]
	at org.springframework.security.web.ObservationFilterChainDecorator$ObservationFilter.doFilter(ObservationFilterChainDecorator.java:225) ~[spring-security-web-6.5.6.jar:6.5.6]
	at org.springframework.security.web.ObservationFilterChainDecorator$VirtualFilterChain.doFilter(ObservationFilterChainDecorator.java:138) ~[spring-security-web-6.5.6.jar:6.5.6]
	at org.springframework.security.web.FilterChainProxy.doFilterInternal(FilterChainProxy.java:233) ~[spring-security-web-6.5.6.jar:6.5.6]
	at org.springframework.security.web.FilterChainProxy.doFilter(FilterChainProxy.java:191) ~[spring-security-web-6.5.6.jar:6.5.6]
	at org.springframework.web.filter.CompositeFilter$VirtualFilterChain.doFilter(CompositeFilter.java:113) ~[spring-web-6.2.12.jar:6.2.12]
	at org.springframework.web.filter.ServletRequestPathFilter.doFilter(ServletRequestPathFilter.java:52) ~[spring-web-6.2.12.jar:6.2.12]
	at org.springframework.web.filter.CompositeFilter$VirtualFilterChain.doFilter(CompositeFilter.java:113) ~[spring-web-6.2.12.jar:6.2.12]
	at org.springframework.web.filter.CompositeFilter.doFilter(CompositeFilter.java:74) ~[spring-web-6.2.12.jar:6.2.12]
	at org.springframework.security.config.annotation.web.configuration.WebSecurityConfiguration$CompositeFilterChainProxy.doFilter(WebSecurityConfiguration.java:319) ~[spring-security-config-6.5.6.jar:6.5.6]
	at org.springframework.web.filter.CompositeFilter$VirtualFilterChain.doFilter(CompositeFilter.java:113) ~[spring-web-6.2.12.jar:6.2.12]
	at org.springframework.web.servlet.handler.HandlerMappingIntrospector.lambda$createCacheFilter$4(HandlerMappingIntrospector.java:267) ~[spring-webmvc-6.2.12.jar:6.2.12]
	at org.springframework.web.filter.CompositeFilter$VirtualFilterChain.doFilter(CompositeFilter.java:113) ~[spring-web-6.2.12.jar:6.2.12]
	at org.springframework.web.filter.CompositeFilter.doFilter(CompositeFilter.java:74) ~[spring-web-6.2.12.jar:6.2.12]
	at org.springframework.security.config.annotation.web.configuration.WebMvcSecurityConfiguration$CompositeFilterChainProxy.doFilter(WebMvcSecurityConfiguration.java:240) ~[spring-security-config-6.5.6.jar:6.5.6]
	at org.springframework.web.filter.DelegatingFilterProxy.invokeDelegate(DelegatingFilterProxy.java:362) ~[spring-web-6.2.12.jar:6.2.12]
	at org.springframework.web.filter.DelegatingFilterProxy.doFilter(DelegatingFilterProxy.java:278) ~[spring-web-6.2.12.jar:6.2.12]
	at org.apache.catalina.core.ApplicationFilterChain.internalDoFilter(ApplicationFilterChain.java:162) ~[tomcat-embed-core-10.1.48.jar:10.1.48]
	at org.apache.catalina.core.ApplicationFilterChain.doFilter(ApplicationFilterChain.java:138) ~[tomcat-embed-core-10.1.48.jar:10.1.48]
	at org.springframework.web.filter.RequestContextFilter.doFilterInternal(RequestContextFilter.java:100) ~[spring-web-6.2.12.jar:6.2.12]
	at org.springframework.web.filter.OncePerRequestFilter.doFilter(OncePerRequestFilter.java:116) ~[spring-web-6.2.12.jar:6.2.12]
	at org.apache.catalina.core.ApplicationFilterChain.internalDoFilter(ApplicationFilterChain.java:162) ~[tomcat-embed-core-10.1.48.jar:10.1.48]
	at org.apache.catalina.core.ApplicationFilterChain.doFilter(ApplicationFilterChain.java:138) ~[tomcat-embed-core-10.1.48.jar:10.1.48]
	at org.springframework.web.filter.FormContentFilter.doFilterInternal(FormContentFilter.java:93) ~[spring-web-6.2.12.jar:6.2.12]
	at org.springframework.web.filter.OncePerRequestFilter.doFilter(OncePerRequestFilter.java:116) ~[spring-web-6.2.12.jar:6.2.12]
	at org.apache.catalina.core.ApplicationFilterChain.internalDoFilter(ApplicationFilterChain.java:162) ~[tomcat-embed-core-10.1.48.jar:10.1.48]
	at org.apache.catalina.core.ApplicationFilterChain.doFilter(ApplicationFilterChain.java:138) ~[tomcat-embed-core-10.1.48.jar:10.1.48]
	at org.springframework.web.filter.ServerHttpObservationFilter.doFilterInternal(ServerHttpObservationFilter.java:110) ~[spring-web-6.2.12.jar:6.2.12]
	at org.springframework.web.filter.OncePerRequestFilter.doFilter(OncePerRequestFilter.java:116) ~[spring-web-6.2.12.jar:6.2.12]
	at org.apache.catalina.core.ApplicationFilterChain.internalDoFilter(ApplicationFilterChain.java:162) ~[tomcat-embed-core-10.1.48.jar:10.1.48]
	at org.apache.catalina.core.ApplicationFilterChain.doFilter(ApplicationFilterChain.java:138) ~[tomcat-embed-core-10.1.48.jar:10.1.48]
	at org.springframework.web.filter.CharacterEncodingFilter.doFilterInternal(CharacterEncodingFilter.java:201) ~[spring-web-6.2.12.jar:6.2.12]
	at org.springframework.web.filter.OncePerRequestFilter.doFilter(OncePerRequestFilter.java:116) ~[spring-web-6.2.12.jar:6.2.12]
	at org.apache.catalina.core.ApplicationFilterChain.internalDoFilter(ApplicationFilterChain.java:162) ~[tomcat-embed-core-10.1.48.jar:10.1.48]
	at org.apache.catalina.core.ApplicationFilterChain.doFilter(ApplicationFilterChain.java:138) ~[tomcat-embed-core-10.1.48.jar:10.1.48]
	at org.apache.catalina.core.StandardWrapperValve.invoke(StandardWrapperValve.java:165) ~[tomcat-embed-core-10.1.48.jar:10.1.48]
	at org.apache.catalina.core.StandardContextValve.invoke(StandardContextValve.java:88) ~[tomcat-embed-core-10.1.48.jar:10.1.48]
	at org.apache.catalina.authenticator.AuthenticatorBase.invoke(AuthenticatorBase.java:482) ~[tomcat-embed-core-10.1.48.jar:10.1.48]
	at org.apache.catalina.core.StandardHostValve.invoke(StandardHostValve.java:113) ~[tomcat-embed-core-10.1.48.jar:10.1.48]
	at org.apache.catalina.valves.ErrorReportValve.invoke(ErrorReportValve.java:83) ~[tomcat-embed-core-10.1.48.jar:10.1.48]
	at org.apache.catalina.core.StandardEngineValve.invoke(StandardEngineValve.java:72) ~[tomcat-embed-core-10.1.48.jar:10.1.48]
	at org.apache.catalina.connector.CoyoteAdapter.service(CoyoteAdapter.java:342) ~[tomcat-embed-core-10.1.48.jar:10.1.48]
	at org.apache.coyote.http11.Http11Processor.service(Http11Processor.java:399) ~[tomcat-embed-core-10.1.48.jar:10.1.48]
	at org.apache.coyote.AbstractProcessorLight.process(AbstractProcessorLight.java:63) ~[tomcat-embed-core-10.1.48.jar:10.1.48]
	at org.apache.coyote.AbstractProtocol$ConnectionHandler.process(AbstractProtocol.java:903) ~[tomcat-embed-core-10.1.48.jar:10.1.48]
	at org.apache.tomcat.util.net.NioEndpoint$SocketProcessor.doRun(NioEndpoint.java:1774) ~[tomcat-embed-core-10.1.48.jar:10.1.48]
	at org.apache.tomcat.util.net.SocketProcessorBase.run(SocketProcessorBase.java:52) ~[tomcat-embed-core-10.1.48.jar:10.1.48]
	at org.apache.tomcat.util.threads.ThreadPoolExecutor.runWorker(ThreadPoolExecutor.java:973) ~[tomcat-embed-core-10.1.48.jar:10.1.48]
	at org.apache.tomcat.util.threads.ThreadPoolExecutor$Worker.run(ThreadPoolExecutor.java:491) ~[tomcat-embed-core-10.1.48.jar:10.1.48]
	at org.apache.tomcat.util.threads.TaskThread$WrappingRunnable.run(TaskThread.java:63) ~[tomcat-embed-core-10.1.48.jar:10.1.48]
	at java.base/java.lang.Thread.run(Thread.java:840) ~[na:na]

2025-12-10T17:19:38.652+05:00 DEBUG 41901 --- [User-service] [https-jsse-nio-8080-exec-3] [6939655a3d04dee6985276c4f1c3e3eb-41157e14e8f57c38] o.s.w.s.m.m.a.HttpEntityMethodProcessor  : Using 'application/json', given [*/*] and supported [application/json, application/*+json, application/yaml]
2025-12-10T17:19:38.653+05:00 DEBUG 41901 --- [User-service] [https-jsse-nio-8080-exec-3] [6939655a3d04dee6985276c4f1c3e3eb-41157e14e8f57c38] o.s.w.s.m.m.a.HttpEntityMethodProcessor  : Writing [ErrorResponse(message=Ошибка входа, errors={email=Пользователь с таким email не найден})]
2025-12-10T17:19:38.655+05:00 DEBUG 41901 --- [User-service] [https-jsse-nio-8080-exec-3] [6939655a3d04dee6985276c4f1c3e3eb-41157e14e8f57c38] o.s.web.servlet.DispatcherServlet        : Completed 400 BAD_REQUEST
2025-12-10T17:19:42.618+05:00 DEBUG 41901 --- [User-service] [https-jsse-nio-8080-exec-9] [6939655e02ad644b198560838806e932-845be154178cb701] o.s.security.web.FilterChainProxy        : Securing POST /auth/login
2025-12-10T17:19:42.618+05:00 DEBUG 41901 --- [User-service] [https-jsse-nio-8080-exec-9] [6939655e02ad644b198560838806e932-af253f927c11eabd] o.s.s.w.a.AnonymousAuthenticationFilter  : Set SecurityContextHolder to anonymous SecurityContext
2025-12-10T17:19:42.618+05:00 DEBUG 41901 --- [User-service] [https-jsse-nio-8080-exec-9] [6939655e02ad644b198560838806e932-c2565f754daf078f] o.s.security.web.FilterChainProxy        : Secured POST /auth/login
2025-12-10T17:19:42.619+05:00 DEBUG 41901 --- [User-service] [https-jsse-nio-8080-exec-9] [6939655e02ad644b198560838806e932-c2565f754daf078f] o.s.web.servlet.DispatcherServlet        : POST "/auth/login", parameters={}
2025-12-10T17:19:42.619+05:00 DEBUG 41901 --- [User-service] [https-jsse-nio-8080-exec-9] [6939655e02ad644b198560838806e932-c2565f754daf078f] s.w.s.m.m.a.RequestMappingHandlerMapping : Mapped to test.weewee.userservice.controller.AuthenticationController#login(LoginRequest)
2025-12-10T17:19:42.619+05:00 DEBUG 41901 --- [User-service] [https-jsse-nio-8080-exec-9] [6939655e02ad644b198560838806e932-c2565f754daf078f] m.m.a.RequestResponseBodyMethodProcessor : Read "application/json;charset=UTF-8" to [LoginRequest(email=boga@gmail.com, password=Password123!)]
2025-12-10T17:19:42.620+05:00  INFO 41901 --- [User-service] [https-jsse-nio-8080-exec-9] [6939655e02ad644b198560838806e932-c2565f754daf078f] t.w.u.c.AuthenticationController         : POST /auth/login - login attempt for: boga@gmail.com
2025-12-10T17:19:42.620+05:00  INFO 41901 --- [User-service] [https-jsse-nio-8080-exec-9] [6939655e02ad644b198560838806e932-c2565f754daf078f] t.w.u.service.AuthenticationService      : Authentication attempt for user: boga@gmail.com
2025-12-10T17:19:42.620+05:00 DEBUG 41901 --- [User-service] [https-jsse-nio-8080-exec-9] [6939655e02ad644b198560838806e932-c2565f754daf078f] org.hibernate.SQL                        : 
    select
        u1_0.id,
        u1_0.created_at,
        u1_0.email,
        u1_0.first_name,
        u1_0.last_name,
        u1_0.password,
        u1_0.phone,
        u1_0.role,
        u1_0.updated_at 
    from
        users u1_0 
    where
        u1_0.email=?
2025-12-10T17:19:42.623+05:00 DEBUG 41901 --- [User-service] [https-jsse-nio-8080-exec-9] [6939655e02ad644b198560838806e932-c2565f754daf078f] org.hibernate.SQL                        : 
    select
        u1_0.id,
        u1_0.created_at,
        u1_0.email,
        u1_0.first_name,
        u1_0.last_name,
        u1_0.password,
        u1_0.phone,
        u1_0.role,
        u1_0.updated_at 
    from
        users u1_0 
    where
        u1_0.email=?
2025-12-10T17:19:42.689+05:00 DEBUG 41901 --- [User-service] [https-jsse-nio-8080-exec-9] [6939655e02ad644b198560838806e932-c2565f754daf078f] o.s.s.a.dao.DaoAuthenticationProvider    : Authenticated user
2025-12-10T17:19:42.689+05:00 DEBUG 41901 --- [User-service] [https-jsse-nio-8080-exec-9] [6939655e02ad644b198560838806e932-c2565f754daf078f] t.w.u.service.AuthenticationService      : Spring Security authentication successful for: boga@gmail.com
2025-12-10T17:19:42.689+05:00 DEBUG 41901 --- [User-service] [https-jsse-nio-8080-exec-9] [6939655e02ad644b198560838806e932-c2565f754daf078f] t.weewee.userservice.security.JwtUtil    : Generating access token for user: c6163b0f-410e-4757-b603-16f2c7b0c632 with role: USER
2025-12-10T17:19:42.690+05:00 DEBUG 41901 --- [User-service] [https-jsse-nio-8080-exec-9] [6939655e02ad644b198560838806e932-c2565f754daf078f] t.weewee.userservice.security.JwtUtil    : === ACCESS TOKEN GENERATED ===
2025-12-10T17:19:42.690+05:00 DEBUG 41901 --- [User-service] [https-jsse-nio-8080-exec-9] [6939655e02ad644b198560838806e932-c2565f754daf078f] t.weewee.userservice.security.JwtUtil    : For user ID: c6163b0f-410e-4757-b603-16f2c7b0c632 with role: USER
2025-12-10T17:19:42.690+05:00 DEBUG 41901 --- [User-service] [https-jsse-nio-8080-exec-9] [6939655e02ad644b198560838806e932-c2565f754daf078f] t.weewee.userservice.security.JwtUtil    : Token: eyJhbGciOiJIUzUxMiJ9.eyJzdWIiOiJjNjE2M2IwZi00MTBlL...
2025-12-10T17:19:42.690+05:00 DEBUG 41901 --- [User-service] [https-jsse-nio-8080-exec-9] [6939655e02ad644b198560838806e932-c2565f754daf078f] t.weewee.userservice.security.JwtUtil    : Length: 234
2025-12-10T17:19:42.690+05:00 DEBUG 41901 --- [User-service] [https-jsse-nio-8080-exec-9] [6939655e02ad644b198560838806e932-c2565f754daf078f] t.weewee.userservice.security.JwtUtil    : Expires in: 3600000 ms
2025-12-10T17:19:42.690+05:00 DEBUG 41901 --- [User-service] [https-jsse-nio-8080-exec-9] [6939655e02ad644b198560838806e932-c2565f754daf078f] t.weewee.userservice.security.JwtUtil    : Generating refresh token for user: c6163b0f-410e-4757-b603-16f2c7b0c632
2025-12-10T17:19:42.690+05:00 DEBUG 41901 --- [User-service] [https-jsse-nio-8080-exec-9] [6939655e02ad644b198560838806e932-c2565f754daf078f] t.weewee.userservice.security.JwtUtil    : Generated refresh token: eyJhbGciOiJIUzUxMiJ9... (length: 215)
2025-12-10T17:19:42.690+05:00  INFO 41901 --- [User-service] [https-jsse-nio-8080-exec-9] [6939655e02ad644b198560838806e932-c2565f754daf078f] t.w.u.service.AuthenticationService      : Successful authentication for user: boga@gmail.com
2025-12-10T17:19:42.690+05:00 DEBUG 41901 --- [User-service] [https-jsse-nio-8080-exec-9] [6939655e02ad644b198560838806e932-c2565f754daf078f] t.weewee.userservice.security.JwtUtil    : Validating token: eyJhbGciOiJIUzUxMiJ9.eyJzdWIiO...
2025-12-10T17:19:42.691+05:00 DEBUG 41901 --- [User-service] [https-jsse-nio-8080-exec-9] [6939655e02ad644b198560838806e932-c2565f754daf078f] t.weewee.userservice.security.JwtUtil    : Token validation successful
2025-12-10T17:19:42.691+05:00 DEBUG 41901 --- [User-service] [https-jsse-nio-8080-exec-9] [6939655e02ad644b198560838806e932-c2565f754daf078f] t.w.userservice.service.CookieService    : Creating cookie: refreshToken (secure: true)
2025-12-10T17:19:42.691+05:00 DEBUG 41901 --- [User-service] [https-jsse-nio-8080-exec-9] [6939655e02ad644b198560838806e932-c2565f754daf078f] t.w.userservice.service.CookieService    : Cookie created: path=/, secure=true, httpOnly=true, sameSite=None, maxAge=604800
2025-12-10T17:19:42.691+05:00  INFO 41901 --- [User-service] [https-jsse-nio-8080-exec-9] [6939655e02ad644b198560838806e932-c2565f754daf078f] t.w.u.c.AuthenticationController         : Login successful for: boga@gmail.com
2025-12-10T17:19:42.691+05:00 DEBUG 41901 --- [User-service] [https-jsse-nio-8080-exec-9] [6939655e02ad644b198560838806e932-c2565f754daf078f] o.s.w.s.m.m.a.HttpEntityMethodProcessor  : Using 'application/json', given [*/*] and supported [application/json, application/*+json, application/yaml]
2025-12-10T17:19:42.691+05:00 DEBUG 41901 --- [User-service] [https-jsse-nio-8080-exec-9] [6939655e02ad644b198560838806e932-c2565f754daf078f] o.s.w.s.m.m.a.HttpEntityMethodProcessor  : Writing [LoginResponse(user=UserResponse(id=c6163b0f-410e-4757-b603-16f2c7b0c632, email=boga@gmail.com, first (truncated)...]
2025-12-10T17:19:42.692+05:00 DEBUG 41901 --- [User-service] [https-jsse-nio-8080-exec-9] [6939655e02ad644b198560838806e932-c2565f754daf078f] o.s.web.servlet.DispatcherServlet        : Completed 200 OK
2025-12-10T17:20:18.638+05:00 DEBUG 41901 --- [User-service] [https-jsse-nio-8080-exec-10] [693965827b98f7b782614b2749e9f260-e494105970b6712d] o.s.security.web.FilterChainProxy        : Securing POST /auth/login
2025-12-10T17:20:18.639+05:00 DEBUG 41901 --- [User-service] [https-jsse-nio-8080-exec-10] [693965827b98f7b782614b2749e9f260-dcd443ee47da44b6] o.s.s.w.a.AnonymousAuthenticationFilter  : Set SecurityContextHolder to anonymous SecurityContext
2025-12-10T17:20:18.640+05:00 DEBUG 41901 --- [User-service] [https-jsse-nio-8080-exec-10] [693965827b98f7b782614b2749e9f260-ce4e747f36967a7b] o.s.security.web.FilterChainProxy        : Secured POST /auth/login
2025-12-10T17:20:18.641+05:00 DEBUG 41901 --- [User-service] [https-jsse-nio-8080-exec-10] [693965827b98f7b782614b2749e9f260-ce4e747f36967a7b] o.s.web.servlet.DispatcherServlet        : POST "/auth/login", parameters={}
2025-12-10T17:20:18.641+05:00 DEBUG 41901 --- [User-service] [https-jsse-nio-8080-exec-10] [693965827b98f7b782614b2749e9f260-ce4e747f36967a7b] s.w.s.m.m.a.RequestMappingHandlerMapping : Mapped to test.weewee.userservice.controller.AuthenticationController#login(LoginRequest)
2025-12-10T17:20:18.644+05:00 DEBUG 41901 --- [User-service] [https-jsse-nio-8080-exec-10] [693965827b98f7b782614b2749e9f260-ce4e747f36967a7b] m.m.a.RequestResponseBodyMethodProcessor : Read "application/json;charset=UTF-8" to [LoginRequest(email=boga1@gmail.com, password=Password123!)]
2025-12-10T17:20:18.645+05:00  INFO 41901 --- [User-service] [https-jsse-nio-8080-exec-10] [693965827b98f7b782614b2749e9f260-ce4e747f36967a7b] t.w.u.c.AuthenticationController         : POST /auth/login - login attempt for: boga1@gmail.com
2025-12-10T17:20:18.646+05:00  INFO 41901 --- [User-service] [https-jsse-nio-8080-exec-10] [693965827b98f7b782614b2749e9f260-ce4e747f36967a7b] t.w.u.service.AuthenticationService      : Authentication attempt for user: boga1@gmail.com
2025-12-10T17:20:18.649+05:00 DEBUG 41901 --- [User-service] [https-jsse-nio-8080-exec-10] [693965827b98f7b782614b2749e9f260-ce4e747f36967a7b] org.hibernate.SQL                        : 
    select
        u1_0.id,
        u1_0.created_at,
        u1_0.email,
        u1_0.first_name,
        u1_0.last_name,
        u1_0.password,
        u1_0.phone,
        u1_0.role,
        u1_0.updated_at 
    from
        users u1_0 
    where
        u1_0.email=?
2025-12-10T17:20:18.653+05:00  WARN 41901 --- [User-service] [https-jsse-nio-8080-exec-10] [693965827b98f7b782614b2749e9f260-ce4e747f36967a7b] t.w.u.service.AuthenticationService      : Authentication failed - user not found: boga1@gmail.com
2025-12-10T17:20:18.654+05:00 ERROR 41901 --- [User-service] [https-jsse-nio-8080-exec-10] [693965827b98f7b782614b2749e9f260-ce4e747f36967a7b] t.w.u.c.AuthenticationController         : Login failed for: boga1@gmail.com

test.weewee.userservice.exception.AuthException: Пользователь с таким email не найден
	at test.weewee.userservice.service.AuthenticationService.lambda$0(AuthenticationService.java:67) ~[classes/:na]
	at java.base/java.util.Optional.orElseThrow(Optional.java:403) ~[na:na]
	at test.weewee.userservice.service.AuthenticationService.authenticate(AuthenticationService.java:65) ~[classes/:na]
	at java.base/jdk.internal.reflect.NativeMethodAccessorImpl.invoke0(Native Method) ~[na:na]
	at java.base/jdk.internal.reflect.NativeMethodAccessorImpl.invoke(NativeMethodAccessorImpl.java:77) ~[na:na]
	at java.base/jdk.internal.reflect.DelegatingMethodAccessorImpl.invoke(DelegatingMethodAccessorImpl.java:43) ~[na:na]
	at java.base/java.lang.reflect.Method.invoke(Method.java:569) ~[na:na]
	at org.springframework.aop.support.AopUtils.invokeJoinpointUsingReflection(AopUtils.java:360) ~[spring-aop-6.2.12.jar:6.2.12]
	at org.springframework.aop.framework.CglibAopProxy$DynamicAdvisedInterceptor.intercept(CglibAopProxy.java:724) ~[spring-aop-6.2.12.jar:6.2.12]
	at test.weewee.userservice.service.AuthenticationService$$SpringCGLIB$$0.authenticate(<generated>) ~[classes/:na]
	at test.weewee.userservice.controller.AuthenticationController.login(AuthenticationController.java:74) ~[classes/:na]
	at java.base/jdk.internal.reflect.NativeMethodAccessorImpl.invoke0(Native Method) ~[na:na]
	at java.base/jdk.internal.reflect.NativeMethodAccessorImpl.invoke(NativeMethodAccessorImpl.java:77) ~[na:na]
	at java.base/jdk.internal.reflect.DelegatingMethodAccessorImpl.invoke(DelegatingMethodAccessorImpl.java:43) ~[na:na]
	at java.base/java.lang.reflect.Method.invoke(Method.java:569) ~[na:na]
	at org.springframework.web.method.support.InvocableHandlerMethod.doInvoke(InvocableHandlerMethod.java:258) ~[spring-web-6.2.12.jar:6.2.12]
	at org.springframework.web.method.support.InvocableHandlerMethod.invokeForRequest(InvocableHandlerMethod.java:191) ~[spring-web-6.2.12.jar:6.2.12]
	at org.springframework.web.servlet.mvc.method.annotation.ServletInvocableHandlerMethod.invokeAndHandle(ServletInvocableHandlerMethod.java:118) ~[spring-webmvc-6.2.12.jar:6.2.12]
	at org.springframework.web.servlet.mvc.method.annotation.RequestMappingHandlerAdapter.invokeHandlerMethod(RequestMappingHandlerAdapter.java:991) ~[spring-webmvc-6.2.12.jar:6.2.12]
	at org.springframework.web.servlet.mvc.method.annotation.RequestMappingHandlerAdapter.handleInternal(RequestMappingHandlerAdapter.java:896) ~[spring-webmvc-6.2.12.jar:6.2.12]
	at org.springframework.web.servlet.mvc.method.AbstractHandlerMethodAdapter.handle(AbstractHandlerMethodAdapter.java:87) ~[spring-webmvc-6.2.12.jar:6.2.12]
	at org.springframework.web.servlet.DispatcherServlet.doDispatch(DispatcherServlet.java:1089) ~[spring-webmvc-6.2.12.jar:6.2.12]
	at org.springframework.web.servlet.DispatcherServlet.doService(DispatcherServlet.java:979) ~[spring-webmvc-6.2.12.jar:6.2.12]
	at org.springframework.web.servlet.FrameworkServlet.processRequest(FrameworkServlet.java:1014) ~[spring-webmvc-6.2.12.jar:6.2.12]
	at org.springframework.web.servlet.FrameworkServlet.doPost(FrameworkServlet.java:914) ~[spring-webmvc-6.2.12.jar:6.2.12]
	at jakarta.servlet.http.HttpServlet.service(HttpServlet.java:590) ~[tomcat-embed-core-10.1.48.jar:6.0]
	at org.springframework.web.servlet.FrameworkServlet.service(FrameworkServlet.java:885) ~[spring-webmvc-6.2.12.jar:6.2.12]
	at jakarta.servlet.http.HttpServlet.service(HttpServlet.java:658) ~[tomcat-embed-core-10.1.48.jar:6.0]
	at org.apache.catalina.core.ApplicationFilterChain.internalDoFilter(ApplicationFilterChain.java:193) ~[tomcat-embed-core-10.1.48.jar:10.1.48]
	at org.apache.catalina.core.ApplicationFilterChain.doFilter(ApplicationFilterChain.java:138) ~[tomcat-embed-core-10.1.48.jar:10.1.48]
	at org.apache.tomcat.websocket.server.WsFilter.doFilter(WsFilter.java:51) ~[tomcat-embed-websocket-10.1.48.jar:10.1.48]
	at org.apache.catalina.core.ApplicationFilterChain.internalDoFilter(ApplicationFilterChain.java:162) ~[tomcat-embed-core-10.1.48.jar:10.1.48]
	at org.apache.catalina.core.ApplicationFilterChain.doFilter(ApplicationFilterChain.java:138) ~[tomcat-embed-core-10.1.48.jar:10.1.48]
	at org.springframework.web.filter.OncePerRequestFilter.doFilter(OncePerRequestFilter.java:110) ~[spring-web-6.2.12.jar:6.2.12]
	at org.apache.catalina.core.ApplicationFilterChain.internalDoFilter(ApplicationFilterChain.java:162) ~[tomcat-embed-core-10.1.48.jar:10.1.48]
	at org.apache.catalina.core.ApplicationFilterChain.doFilter(ApplicationFilterChain.java:138) ~[tomcat-embed-core-10.1.48.jar:10.1.48]
	at org.springframework.web.filter.CompositeFilter$VirtualFilterChain.doFilter(CompositeFilter.java:108) ~[spring-web-6.2.12.jar:6.2.12]
	at org.springframework.web.filter.CompositeFilter$VirtualFilterChain.doFilter(CompositeFilter.java:108) ~[spring-web-6.2.12.jar:6.2.12]
	at org.springframework.security.web.FilterChainProxy.lambda$doFilterInternal$3(FilterChainProxy.java:231) ~[spring-security-web-6.5.6.jar:6.5.6]
	at org.springframework.security.web.ObservationFilterChainDecorator$FilterObservation$SimpleFilterObservation.lambda$wrap$1(ObservationFilterChainDecorator.java:490) ~[spring-security-web-6.5.6.jar:6.5.6]
	at org.springframework.security.web.ObservationFilterChainDecorator$AroundFilterObservation$SimpleAroundFilterObservation.lambda$wrap$1(ObservationFilterChainDecorator.java:351) ~[spring-security-web-6.5.6.jar:6.5.6]
	at org.springframework.security.web.ObservationFilterChainDecorator.lambda$wrapSecured$0(ObservationFilterChainDecorator.java:83) ~[spring-security-web-6.5.6.jar:6.5.6]
	at org.springframework.security.web.ObservationFilterChainDecorator$VirtualFilterChain.doFilter(ObservationFilterChainDecorator.java:129) ~[spring-security-web-6.5.6.jar:6.5.6]
	at org.springframework.security.web.access.intercept.AuthorizationFilter.doFilter(AuthorizationFilter.java:101) ~[spring-security-web-6.5.6.jar:6.5.6]
	at org.springframework.security.web.ObservationFilterChainDecorator$ObservationFilter.wrapFilter(ObservationFilterChainDecorator.java:241) ~[spring-security-web-6.5.6.jar:6.5.6]
	at org.springframework.security.web.ObservationFilterChainDecorator$ObservationFilter.doFilter(ObservationFilterChainDecorator.java:228) ~[spring-security-web-6.5.6.jar:6.5.6]
	at org.springframework.security.web.ObservationFilterChainDecorator$VirtualFilterChain.doFilter(ObservationFilterChainDecorator.java:138) ~[spring-security-web-6.5.6.jar:6.5.6]
	at org.springframework.security.web.access.ExceptionTranslationFilter.doFilter(ExceptionTranslationFilter.java:125) ~[spring-security-web-6.5.6.jar:6.5.6]
	at org.springframework.security.web.access.ExceptionTranslationFilter.doFilter(ExceptionTranslationFilter.java:119) ~[spring-security-web-6.5.6.jar:6.5.6]
	at org.springframework.security.web.ObservationFilterChainDecorator$ObservationFilter.wrapFilter(ObservationFilterChainDecorator.java:241) ~[spring-security-web-6.5.6.jar:6.5.6]
	at org.springframework.security.web.ObservationFilterChainDecorator$ObservationFilter.doFilter(ObservationFilterChainDecorator.java:228) ~[spring-security-web-6.5.6.jar:6.5.6]
	at org.springframework.security.web.ObservationFilterChainDecorator$VirtualFilterChain.doFilter(ObservationFilterChainDecorator.java:138) ~[spring-security-web-6.5.6.jar:6.5.6]
	at org.springframework.security.web.session.SessionManagementFilter.doFilter(SessionManagementFilter.java:131) ~[spring-security-web-6.5.6.jar:6.5.6]
	at org.springframework.security.web.session.SessionManagementFilter.doFilter(SessionManagementFilter.java:85) ~[spring-security-web-6.5.6.jar:6.5.6]
	at org.springframework.security.web.ObservationFilterChainDecorator$ObservationFilter.wrapFilter(ObservationFilterChainDecorator.java:241) ~[spring-security-web-6.5.6.jar:6.5.6]
	at org.springframework.security.web.ObservationFilterChainDecorator$ObservationFilter.doFilter(ObservationFilterChainDecorator.java:228) ~[spring-security-web-6.5.6.jar:6.5.6]
	at org.springframework.security.web.ObservationFilterChainDecorator$VirtualFilterChain.doFilter(ObservationFilterChainDecorator.java:138) ~[spring-security-web-6.5.6.jar:6.5.6]
	at org.springframework.security.web.authentication.AnonymousAuthenticationFilter.doFilter(AnonymousAuthenticationFilter.java:100) ~[spring-security-web-6.5.6.jar:6.5.6]
	at org.springframework.security.web.ObservationFilterChainDecorator$ObservationFilter.wrapFilter(ObservationFilterChainDecorator.java:241) ~[spring-security-web-6.5.6.jar:6.5.6]
	at org.springframework.security.web.ObservationFilterChainDecorator$ObservationFilter.doFilter(ObservationFilterChainDecorator.java:228) ~[spring-security-web-6.5.6.jar:6.5.6]
	at org.springframework.security.web.ObservationFilterChainDecorator$VirtualFilterChain.doFilter(ObservationFilterChainDecorator.java:138) ~[spring-security-web-6.5.6.jar:6.5.6]
	at org.springframework.security.web.servletapi.SecurityContextHolderAwareRequestFilter.doFilter(SecurityContextHolderAwareRequestFilter.java:179) ~[spring-security-web-6.5.6.jar:6.5.6]
	at org.springframework.security.web.ObservationFilterChainDecorator$ObservationFilter.wrapFilter(ObservationFilterChainDecorator.java:241) ~[spring-security-web-6.5.6.jar:6.5.6]
	at org.springframework.security.web.ObservationFilterChainDecorator$ObservationFilter.doFilter(ObservationFilterChainDecorator.java:228) ~[spring-security-web-6.5.6.jar:6.5.6]
	at org.springframework.security.web.ObservationFilterChainDecorator$VirtualFilterChain.doFilter(ObservationFilterChainDecorator.java:138) ~[spring-security-web-6.5.6.jar:6.5.6]
	at org.springframework.security.web.savedrequest.RequestCacheAwareFilter.doFilter(RequestCacheAwareFilter.java:63) ~[spring-security-web-6.5.6.jar:6.5.6]
	at org.springframework.security.web.ObservationFilterChainDecorator$ObservationFilter.wrapFilter(ObservationFilterChainDecorator.java:241) ~[spring-security-web-6.5.6.jar:6.5.6]
	at org.springframework.security.web.ObservationFilterChainDecorator$ObservationFilter.doFilter(ObservationFilterChainDecorator.java:228) ~[spring-security-web-6.5.6.jar:6.5.6]
	at org.springframework.security.web.ObservationFilterChainDecorator$VirtualFilterChain.doFilter(ObservationFilterChainDecorator.java:138) ~[spring-security-web-6.5.6.jar:6.5.6]
	at test.weewee.userservice.config.JwtAuthenticationFilter.doFilterInternal(JwtAuthenticationFilter.java:45) ~[classes/:na]
	at org.springframework.web.filter.OncePerRequestFilter.doFilter(OncePerRequestFilter.java:116) ~[spring-web-6.2.12.jar:6.2.12]
	at org.springframework.security.web.ObservationFilterChainDecorator$ObservationFilter.wrapFilter(ObservationFilterChainDecorator.java:241) ~[spring-security-web-6.5.6.jar:6.5.6]
	at org.springframework.security.web.ObservationFilterChainDecorator$ObservationFilter.doFilter(ObservationFilterChainDecorator.java:228) ~[spring-security-web-6.5.6.jar:6.5.6]
	at org.springframework.security.web.ObservationFilterChainDecorator$VirtualFilterChain.doFilter(ObservationFilterChainDecorator.java:138) ~[spring-security-web-6.5.6.jar:6.5.6]
	at org.springframework.security.web.authentication.logout.LogoutFilter.doFilter(LogoutFilter.java:107) ~[spring-security-web-6.5.6.jar:6.5.6]
	at org.springframework.security.web.authentication.logout.LogoutFilter.doFilter(LogoutFilter.java:93) ~[spring-security-web-6.5.6.jar:6.5.6]
	at org.springframework.security.web.ObservationFilterChainDecorator$ObservationFilter.wrapFilter(ObservationFilterChainDecorator.java:241) ~[spring-security-web-6.5.6.jar:6.5.6]
	at org.springframework.security.web.ObservationFilterChainDecorator$ObservationFilter.doFilter(ObservationFilterChainDecorator.java:228) ~[spring-security-web-6.5.6.jar:6.5.6]
	at org.springframework.security.web.ObservationFilterChainDecorator$VirtualFilterChain.doFilter(ObservationFilterChainDecorator.java:138) ~[spring-security-web-6.5.6.jar:6.5.6]
	at org.springframework.security.web.header.HeaderWriterFilter.doHeadersAfter(HeaderWriterFilter.java:90) ~[spring-security-web-6.5.6.jar:6.5.6]
	at org.springframework.security.web.header.HeaderWriterFilter.doFilterInternal(HeaderWriterFilter.java:75) ~[spring-security-web-6.5.6.jar:6.5.6]
	at org.springframework.web.filter.OncePerRequestFilter.doFilter(OncePerRequestFilter.java:116) ~[spring-web-6.2.12.jar:6.2.12]
	at org.springframework.security.web.ObservationFilterChainDecorator$ObservationFilter.wrapFilter(ObservationFilterChainDecorator.java:241) ~[spring-security-web-6.5.6.jar:6.5.6]
	at org.springframework.security.web.ObservationFilterChainDecorator$ObservationFilter.doFilter(ObservationFilterChainDecorator.java:228) ~[spring-security-web-6.5.6.jar:6.5.6]
	at org.springframework.security.web.ObservationFilterChainDecorator$VirtualFilterChain.doFilter(ObservationFilterChainDecorator.java:138) ~[spring-security-web-6.5.6.jar:6.5.6]
	at org.springframework.security.web.context.SecurityContextHolderFilter.doFilter(SecurityContextHolderFilter.java:82) ~[spring-security-web-6.5.6.jar:6.5.6]
	at org.springframework.security.web.context.SecurityContextHolderFilter.doFilter(SecurityContextHolderFilter.java:69) ~[spring-security-web-6.5.6.jar:6.5.6]
	at org.springframework.security.web.ObservationFilterChainDecorator$ObservationFilter.wrapFilter(ObservationFilterChainDecorator.java:241) ~[spring-security-web-6.5.6.jar:6.5.6]
	at org.springframework.security.web.ObservationFilterChainDecorator$ObservationFilter.doFilter(ObservationFilterChainDecorator.java:228) ~[spring-security-web-6.5.6.jar:6.5.6]
	at org.springframework.security.web.ObservationFilterChainDecorator$VirtualFilterChain.doFilter(ObservationFilterChainDecorator.java:138) ~[spring-security-web-6.5.6.jar:6.5.6]
	at org.springframework.security.web.context.request.async.WebAsyncManagerIntegrationFilter.doFilterInternal(WebAsyncManagerIntegrationFilter.java:62) ~[spring-security-web-6.5.6.jar:6.5.6]
	at org.springframework.web.filter.OncePerRequestFilter.doFilter(OncePerRequestFilter.java:116) ~[spring-web-6.2.12.jar:6.2.12]
	at org.springframework.security.web.ObservationFilterChainDecorator$ObservationFilter.wrapFilter(ObservationFilterChainDecorator.java:241) ~[spring-security-web-6.5.6.jar:6.5.6]
	at org.springframework.security.web.ObservationFilterChainDecorator$ObservationFilter.doFilter(ObservationFilterChainDecorator.java:228) ~[spring-security-web-6.5.6.jar:6.5.6]
	at org.springframework.security.web.ObservationFilterChainDecorator$VirtualFilterChain.doFilter(ObservationFilterChainDecorator.java:138) ~[spring-security-web-6.5.6.jar:6.5.6]
	at org.springframework.security.web.session.DisableEncodeUrlFilter.doFilterInternal(DisableEncodeUrlFilter.java:42) ~[spring-security-web-6.5.6.jar:6.5.6]
	at org.springframework.web.filter.OncePerRequestFilter.doFilter(OncePerRequestFilter.java:116) ~[spring-web-6.2.12.jar:6.2.12]
	at org.springframework.security.web.ObservationFilterChainDecorator$ObservationFilter.wrapFilter(ObservationFilterChainDecorator.java:241) ~[spring-security-web-6.5.6.jar:6.5.6]
	at org.springframework.security.web.ObservationFilterChainDecorator$AroundFilterObservation$SimpleAroundFilterObservation.lambda$wrap$0(ObservationFilterChainDecorator.java:334) ~[spring-security-web-6.5.6.jar:6.5.6]
	at org.springframework.security.web.ObservationFilterChainDecorator$ObservationFilter.doFilter(ObservationFilterChainDecorator.java:225) ~[spring-security-web-6.5.6.jar:6.5.6]
	at org.springframework.security.web.ObservationFilterChainDecorator$VirtualFilterChain.doFilter(ObservationFilterChainDecorator.java:138) ~[spring-security-web-6.5.6.jar:6.5.6]
	at org.springframework.security.web.FilterChainProxy.doFilterInternal(FilterChainProxy.java:233) ~[spring-security-web-6.5.6.jar:6.5.6]
	at org.springframework.security.web.FilterChainProxy.doFilter(FilterChainProxy.java:191) ~[spring-security-web-6.5.6.jar:6.5.6]
	at org.springframework.web.filter.CompositeFilter$VirtualFilterChain.doFilter(CompositeFilter.java:113) ~[spring-web-6.2.12.jar:6.2.12]
	at org.springframework.web.filter.ServletRequestPathFilter.doFilter(ServletRequestPathFilter.java:52) ~[spring-web-6.2.12.jar:6.2.12]
	at org.springframework.web.filter.CompositeFilter$VirtualFilterChain.doFilter(CompositeFilter.java:113) ~[spring-web-6.2.12.jar:6.2.12]
	at org.springframework.web.filter.CompositeFilter.doFilter(CompositeFilter.java:74) ~[spring-web-6.2.12.jar:6.2.12]
	at org.springframework.security.config.annotation.web.configuration.WebSecurityConfiguration$CompositeFilterChainProxy.doFilter(WebSecurityConfiguration.java:319) ~[spring-security-config-6.5.6.jar:6.5.6]
	at org.springframework.web.filter.CompositeFilter$VirtualFilterChain.doFilter(CompositeFilter.java:113) ~[spring-web-6.2.12.jar:6.2.12]
	at org.springframework.web.servlet.handler.HandlerMappingIntrospector.lambda$createCacheFilter$4(HandlerMappingIntrospector.java:267) ~[spring-webmvc-6.2.12.jar:6.2.12]
	at org.springframework.web.filter.CompositeFilter$VirtualFilterChain.doFilter(CompositeFilter.java:113) ~[spring-web-6.2.12.jar:6.2.12]
	at org.springframework.web.filter.CompositeFilter.doFilter(CompositeFilter.java:74) ~[spring-web-6.2.12.jar:6.2.12]
	at org.springframework.security.config.annotation.web.configuration.WebMvcSecurityConfiguration$CompositeFilterChainProxy.doFilter(WebMvcSecurityConfiguration.java:240) ~[spring-security-config-6.5.6.jar:6.5.6]
	at org.springframework.web.filter.DelegatingFilterProxy.invokeDelegate(DelegatingFilterProxy.java:362) ~[spring-web-6.2.12.jar:6.2.12]
	at org.springframework.web.filter.DelegatingFilterProxy.doFilter(DelegatingFilterProxy.java:278) ~[spring-web-6.2.12.jar:6.2.12]
	at org.apache.catalina.core.ApplicationFilterChain.internalDoFilter(ApplicationFilterChain.java:162) ~[tomcat-embed-core-10.1.48.jar:10.1.48]
	at org.apache.catalina.core.ApplicationFilterChain.doFilter(ApplicationFilterChain.java:138) ~[tomcat-embed-core-10.1.48.jar:10.1.48]
	at org.springframework.web.filter.RequestContextFilter.doFilterInternal(RequestContextFilter.java:100) ~[spring-web-6.2.12.jar:6.2.12]
	at org.springframework.web.filter.OncePerRequestFilter.doFilter(OncePerRequestFilter.java:116) ~[spring-web-6.2.12.jar:6.2.12]
	at org.apache.catalina.core.ApplicationFilterChain.internalDoFilter(ApplicationFilterChain.java:162) ~[tomcat-embed-core-10.1.48.jar:10.1.48]
	at org.apache.catalina.core.ApplicationFilterChain.doFilter(ApplicationFilterChain.java:138) ~[tomcat-embed-core-10.1.48.jar:10.1.48]
	at org.springframework.web.filter.FormContentFilter.doFilterInternal(FormContentFilter.java:93) ~[spring-web-6.2.12.jar:6.2.12]
	at org.springframework.web.filter.OncePerRequestFilter.doFilter(OncePerRequestFilter.java:116) ~[spring-web-6.2.12.jar:6.2.12]
	at org.apache.catalina.core.ApplicationFilterChain.internalDoFilter(ApplicationFilterChain.java:162) ~[tomcat-embed-core-10.1.48.jar:10.1.48]
	at org.apache.catalina.core.ApplicationFilterChain.doFilter(ApplicationFilterChain.java:138) ~[tomcat-embed-core-10.1.48.jar:10.1.48]
	at org.springframework.web.filter.ServerHttpObservationFilter.doFilterInternal(ServerHttpObservationFilter.java:110) ~[spring-web-6.2.12.jar:6.2.12]
	at org.springframework.web.filter.OncePerRequestFilter.doFilter(OncePerRequestFilter.java:116) ~[spring-web-6.2.12.jar:6.2.12]
	at org.apache.catalina.core.ApplicationFilterChain.internalDoFilter(ApplicationFilterChain.java:162) ~[tomcat-embed-core-10.1.48.jar:10.1.48]
	at org.apache.catalina.core.ApplicationFilterChain.doFilter(ApplicationFilterChain.java:138) ~[tomcat-embed-core-10.1.48.jar:10.1.48]
	at org.springframework.web.filter.CharacterEncodingFilter.doFilterInternal(CharacterEncodingFilter.java:201) ~[spring-web-6.2.12.jar:6.2.12]
	at org.springframework.web.filter.OncePerRequestFilter.doFilter(OncePerRequestFilter.java:116) ~[spring-web-6.2.12.jar:6.2.12]
	at org.apache.catalina.core.ApplicationFilterChain.internalDoFilter(ApplicationFilterChain.java:162) ~[tomcat-embed-core-10.1.48.jar:10.1.48]
	at org.apache.catalina.core.ApplicationFilterChain.doFilter(ApplicationFilterChain.java:138) ~[tomcat-embed-core-10.1.48.jar:10.1.48]
	at org.apache.catalina.core.StandardWrapperValve.invoke(StandardWrapperValve.java:165) ~[tomcat-embed-core-10.1.48.jar:10.1.48]
	at org.apache.catalina.core.StandardContextValve.invoke(StandardContextValve.java:88) ~[tomcat-embed-core-10.1.48.jar:10.1.48]
	at org.apache.catalina.authenticator.AuthenticatorBase.invoke(AuthenticatorBase.java:482) ~[tomcat-embed-core-10.1.48.jar:10.1.48]
	at org.apache.catalina.core.StandardHostValve.invoke(StandardHostValve.java:113) ~[tomcat-embed-core-10.1.48.jar:10.1.48]
	at org.apache.catalina.valves.ErrorReportValve.invoke(ErrorReportValve.java:83) ~[tomcat-embed-core-10.1.48.jar:10.1.48]
	at org.apache.catalina.core.StandardEngineValve.invoke(StandardEngineValve.java:72) ~[tomcat-embed-core-10.1.48.jar:10.1.48]
	at org.apache.catalina.connector.CoyoteAdapter.service(CoyoteAdapter.java:342) ~[tomcat-embed-core-10.1.48.jar:10.1.48]
	at org.apache.coyote.http11.Http11Processor.service(Http11Processor.java:399) ~[tomcat-embed-core-10.1.48.jar:10.1.48]
	at org.apache.coyote.AbstractProcessorLight.process(AbstractProcessorLight.java:63) ~[tomcat-embed-core-10.1.48.jar:10.1.48]
	at org.apache.coyote.AbstractProtocol$ConnectionHandler.process(AbstractProtocol.java:903) ~[tomcat-embed-core-10.1.48.jar:10.1.48]
	at org.apache.tomcat.util.net.NioEndpoint$SocketProcessor.doRun(NioEndpoint.java:1774) ~[tomcat-embed-core-10.1.48.jar:10.1.48]
	at org.apache.tomcat.util.net.SocketProcessorBase.run(SocketProcessorBase.java:52) ~[tomcat-embed-core-10.1.48.jar:10.1.48]
	at org.apache.tomcat.util.threads.ThreadPoolExecutor.runWorker(ThreadPoolExecutor.java:973) ~[tomcat-embed-core-10.1.48.jar:10.1.48]
	at org.apache.tomcat.util.threads.ThreadPoolExecutor$Worker.run(ThreadPoolExecutor.java:491) ~[tomcat-embed-core-10.1.48.jar:10.1.48]
	at org.apache.tomcat.util.threads.TaskThread$WrappingRunnable.run(TaskThread.java:63) ~[tomcat-embed-core-10.1.48.jar:10.1.48]
	at java.base/java.lang.Thread.run(Thread.java:840) ~[na:na]

2025-12-10T17:20:18.662+05:00 DEBUG 41901 --- [User-service] [https-jsse-nio-8080-exec-10] [693965827b98f7b782614b2749e9f260-ce4e747f36967a7b] o.s.w.s.m.m.a.HttpEntityMethodProcessor  : Using 'application/json', given [*/*] and supported [application/json, application/*+json, application/yaml]
2025-12-10T17:20:18.663+05:00 DEBUG 41901 --- [User-service] [https-jsse-nio-8080-exec-10] [693965827b98f7b782614b2749e9f260-ce4e747f36967a7b] o.s.w.s.m.m.a.HttpEntityMethodProcessor  : Writing [ErrorResponse(message=Ошибка входа, errors={email=Пользователь с таким email не найден})]
2025-12-10T17:20:18.667+05:00 DEBUG 41901 --- [User-service] [https-jsse-nio-8080-exec-10] [693965827b98f7b782614b2749e9f260-ce4e747f36967a7b] o.s.web.servlet.DispatcherServlet        : Completed 400 BAD_REQUEST
2025-12-10T17:22:20.362+05:00  INFO 41901 --- [User-service] [SpringApplicationShutdownHook] [                                                 ] o.s.b.w.e.tomcat.GracefulShutdown        : Commencing graceful shutdown. Waiting for active requests to complete
2025-12-10T17:22:20.366+05:00  INFO 41901 --- [User-service] [tomcat-shutdown] [                                                 ] o.s.b.w.e.tomcat.GracefulShutdown        : Graceful shutdown complete
2025-12-10T17:22:20.377+05:00  INFO 41901 --- [User-service] [SpringApplicationShutdownHook] [                                                 ] j.LocalContainerEntityManagerFactoryBean : Closing JPA EntityManagerFactory for persistence unit 'default'
2025-12-10T17:22:20.380+05:00  INFO 41901 --- [User-service] [SpringApplicationShutdownHook] [                                                 ] com.zaxxer.hikari.HikariDataSource       : HikariPool-1 - Shutdown initiated...
2025-12-10T17:22:20.381+05:00  INFO 41901 --- [User-service] [SpringApplicationShutdownHook] [                                                 ] com.zaxxer.hikari.HikariDataSource       : HikariPool-1 - Shutdown completed.
2025-12-10T17:23:29.070+05:00  INFO 43046 --- [User-service] [main] [                                                 ] t.w.userservice.UserServiceApplication   : Starting UserServiceApplication using Java 17.0.16 with PID 43046 (/Users/germancerkasov/Downloads/user-service-main/target/classes started by germancerkasov in /Users/germancerkasov/Downloads/user-service-main)
2025-12-10T17:23:29.071+05:00 DEBUG 43046 --- [User-service] [main] [                                                 ] t.w.userservice.UserServiceApplication   : Running with Spring Boot v3.5.7, Spring v6.2.12
2025-12-10T17:23:29.071+05:00  INFO 43046 --- [User-service] [main] [                                                 ] t.w.userservice.UserServiceApplication   : No active profile set, falling back to 1 default profile: "default"
2025-12-10T17:23:29.484+05:00  INFO 43046 --- [User-service] [main] [                                                 ] .s.d.r.c.RepositoryConfigurationDelegate : Bootstrapping Spring Data JPA repositories in DEFAULT mode.
2025-12-10T17:23:29.505+05:00  INFO 43046 --- [User-service] [main] [                                                 ] .s.d.r.c.RepositoryConfigurationDelegate : Finished Spring Data repository scanning in 17 ms. Found 1 JPA repository interface.
2025-12-10T17:23:29.794+05:00  INFO 43046 --- [User-service] [main] [                                                 ] o.s.b.w.embedded.tomcat.TomcatWebServer  : Tomcat initialized with port 8080 (https)
2025-12-10T17:23:29.803+05:00  INFO 43046 --- [User-service] [main] [                                                 ] o.apache.catalina.core.StandardService   : Starting service [Tomcat]
2025-12-10T17:23:29.803+05:00  INFO 43046 --- [User-service] [main] [                                                 ] o.apache.catalina.core.StandardEngine    : Starting Servlet engine: [Apache Tomcat/10.1.48]
2025-12-10T17:23:29.822+05:00  INFO 43046 --- [User-service] [main] [                                                 ] o.a.c.c.C.[Tomcat].[localhost].[/]       : Initializing Spring embedded WebApplicationContext
2025-12-10T17:23:29.823+05:00  INFO 43046 --- [User-service] [main] [                                                 ] w.s.c.ServletWebServerApplicationContext : Root WebApplicationContext: initialization completed in 737 ms
2025-12-10T17:23:29.947+05:00  WARN 43046 --- [User-service] [main] [                                                 ] JpaBaseConfiguration$JpaWebConfiguration : spring.jpa.open-in-view is enabled by default. Therefore, database queries may be performed during view rendering. Explicitly configure spring.jpa.open-in-view to disable this warning
2025-12-10T17:23:29.982+05:00  INFO 43046 --- [User-service] [main] [                                                 ] o.hibernate.jpa.internal.util.LogHelper  : HHH000204: Processing PersistenceUnitInfo [name: default]
2025-12-10T17:23:30.005+05:00  INFO 43046 --- [User-service] [main] [                                                 ] org.hibernate.Version                    : HHH000412: Hibernate ORM core version 6.6.33.Final
2025-12-10T17:23:30.018+05:00  INFO 43046 --- [User-service] [main] [                                                 ] o.h.c.internal.RegionFactoryInitiator    : HHH000026: Second-level cache disabled
2025-12-10T17:23:30.130+05:00  INFO 43046 --- [User-service] [main] [                                                 ] o.s.o.j.p.SpringPersistenceUnitInfo      : No LoadTimeWeaver setup: ignoring JPA class transformer
2025-12-10T17:23:30.144+05:00  INFO 43046 --- [User-service] [main] [                                                 ] com.zaxxer.hikari.HikariDataSource       : HikariPool-1 - Starting...
2025-12-10T17:23:30.251+05:00  INFO 43046 --- [User-service] [main] [                                                 ] com.zaxxer.hikari.pool.HikariPool        : HikariPool-1 - Added connection org.postgresql.jdbc.PgConnection@2aaa89c2
2025-12-10T17:23:30.252+05:00  INFO 43046 --- [User-service] [main] [                                                 ] com.zaxxer.hikari.HikariDataSource       : HikariPool-1 - Start completed.
2025-12-10T17:23:30.264+05:00  WARN 43046 --- [User-service] [main] [                                                 ] org.hibernate.orm.deprecation            : HHH90000025: PostgreSQLDialect does not need to be specified explicitly using 'hibernate.dialect' (remove the property setting and it will be selected by default)
2025-12-10T17:23:30.272+05:00  INFO 43046 --- [User-service] [main] [                                                 ] org.hibernate.orm.connections.pooling    : HHH10001005: Database info:
	Database JDBC URL [Connecting through datasource 'HikariDataSource (HikariPool-1)']
	Database driver: undefined/unknown
	Database version: 15.14
	Autocommit mode: undefined/unknown
	Isolation level: undefined/unknown
	Minimum pool size: undefined/unknown
	Maximum pool size: undefined/unknown
2025-12-10T17:23:30.547+05:00  INFO 43046 --- [User-service] [main] [                                                 ] o.h.e.t.j.p.i.JtaPlatformInitiator       : HHH000489: No JTA platform available (set 'hibernate.transaction.jta.platform' to enable JTA platform integration)
2025-12-10T17:23:30.584+05:00  INFO 43046 --- [User-service] [main] [                                                 ] j.LocalContainerEntityManagerFactoryBean : Initialized JPA EntityManagerFactory for persistence unit 'default'
2025-12-10T17:23:30.622+05:00 DEBUG 43046 --- [User-service] [main] [                                                 ] .m.m.a.ExceptionHandlerExceptionResolver : ControllerAdvice beans: 2 @ExceptionHandler, 1 ResponseBodyAdvice
2025-12-10T17:23:30.749+05:00 DEBUG 43046 --- [User-service] [main] [                                                 ] t.w.u.config.JwtAuthenticationFilter     : Filter 'jwtAuthenticationFilter' configured for use
2025-12-10T17:23:30.749+05:00 DEBUG 43046 --- [User-service] [main] [                                                 ] o.s.w.f.ServerHttpObservationFilter      : Filter 'webMvcObservationFilter' configured for use
2025-12-10T17:23:30.772+05:00  INFO 43046 --- [User-service] [main] [                                                 ] eAuthenticationProviderManagerConfigurer : Global AuthenticationManager configured with AuthenticationProvider bean with name authenticationProvider
2025-12-10T17:23:30.773+05:00  WARN 43046 --- [User-service] [main] [                                                 ] r$InitializeUserDetailsManagerConfigurer : Global AuthenticationManager configured with an AuthenticationProvider bean. UserDetailsService beans will not be used by Spring Security for automatically configuring username/password login. Consider removing the AuthenticationProvider bean. Alternatively, consider using the UserDetailsService in a manually instantiated DaoAuthenticationProvider. If the current configuration is intentional, to turn off this warning, increase the logging level of 'org.springframework.security.config.annotation.authentication.configuration.InitializeUserDetailsBeanManagerConfigurer' to ERROR
2025-12-10T17:23:30.850+05:00 DEBUG 43046 --- [User-service] [main] [                                                 ] s.w.s.m.m.a.RequestMappingHandlerMapping : 19 mappings in 'requestMappingHandlerMapping'
2025-12-10T17:23:30.861+05:00 DEBUG 43046 --- [User-service] [main] [                                                 ] o.s.w.s.handler.SimpleUrlHandlerMapping  : Patterns [/webjars/**, /**, /swagger-ui*/*swagger-initializer.js, /swagger-ui*/**] in 'resourceHandlerMapping'
2025-12-10T17:23:30.891+05:00  INFO 43046 --- [User-service] [main] [                                                 ] o.s.b.a.e.web.EndpointLinksResolver      : Exposing 2 endpoints beneath base path '/actuator'
2025-12-10T17:23:30.934+05:00 DEBUG 43046 --- [User-service] [main] [                                                 ] o.s.s.web.DefaultSecurityFilterChain     : Will secure any request with filters: DisableEncodeUrlFilter, WebAsyncManagerIntegrationFilter, SecurityContextHolderFilter, HeaderWriterFilter, LogoutFilter, JwtAuthenticationFilter, RequestCacheAwareFilter, SecurityContextHolderAwareRequestFilter, AnonymousAuthenticationFilter, SessionManagementFilter, ExceptionTranslationFilter, AuthorizationFilter
2025-12-10T17:23:30.953+05:00 DEBUG 43046 --- [User-service] [main] [                                                 ] s.w.s.m.m.a.RequestMappingHandlerAdapter : ControllerAdvice beans: 0 @ModelAttribute, 0 @InitBinder, 1 RequestBodyAdvice, 1 ResponseBodyAdvice
2025-12-10T17:23:31.079+05:00  INFO 43046 --- [User-service] [main] [                                                 ] o.a.t.util.net.NioEndpoint.certificate   : Connector [https-jsse-nio-8080], TLS virtual host [_default_], certificate type [UNDEFINED] configured from keystore [/Users/germancerkasov/.keystore] using alias [tomcat] with trust store [null]
2025-12-10T17:23:31.082+05:00  INFO 43046 --- [User-service] [main] [                                                 ] o.s.b.w.embedded.tomcat.TomcatWebServer  : Tomcat started on port 8080 (https) with context path '/'
2025-12-10T17:23:31.091+05:00  INFO 43046 --- [User-service] [main] [                                                 ] t.w.userservice.UserServiceApplication   : Started UserServiceApplication in 2.221 seconds (process running for 2.49)
2025-12-10T17:23:39.153+05:00  INFO 43046 --- [User-service] [https-jsse-nio-8080-exec-6] [                                                 ] o.a.c.c.C.[Tomcat].[localhost].[/]       : Initializing Spring DispatcherServlet 'dispatcherServlet'
2025-12-10T17:23:39.154+05:00  INFO 43046 --- [User-service] [https-jsse-nio-8080-exec-6] [                                                 ] o.s.web.servlet.DispatcherServlet        : Initializing Servlet 'dispatcherServlet'
2025-12-10T17:23:39.154+05:00 DEBUG 43046 --- [User-service] [https-jsse-nio-8080-exec-6] [                                                 ] o.s.web.servlet.DispatcherServlet        : Detected StandardServletMultipartResolver
2025-12-10T17:23:39.154+05:00 DEBUG 43046 --- [User-service] [https-jsse-nio-8080-exec-6] [                                                 ] o.s.web.servlet.DispatcherServlet        : Detected AcceptHeaderLocaleResolver
2025-12-10T17:23:39.154+05:00 DEBUG 43046 --- [User-service] [https-jsse-nio-8080-exec-6] [                                                 ] o.s.web.servlet.DispatcherServlet        : Detected FixedThemeResolver
2025-12-10T17:23:39.156+05:00 DEBUG 43046 --- [User-service] [https-jsse-nio-8080-exec-6] [                                                 ] o.s.web.servlet.DispatcherServlet        : Detected org.springframework.web.servlet.view.DefaultRequestToViewNameTranslator@45295bed
2025-12-10T17:23:39.156+05:00 DEBUG 43046 --- [User-service] [https-jsse-nio-8080-exec-6] [                                                 ] o.s.web.servlet.DispatcherServlet        : Detected org.springframework.web.servlet.support.SessionFlashMapManager@75c8855e
2025-12-10T17:23:39.156+05:00 DEBUG 43046 --- [User-service] [https-jsse-nio-8080-exec-6] [                                                 ] o.s.web.servlet.DispatcherServlet        : enableLoggingRequestDetails='false': request parameters and headers will be masked to prevent unsafe logging of potentially sensitive data
2025-12-10T17:23:39.156+05:00  INFO 43046 --- [User-service] [https-jsse-nio-8080-exec-6] [                                                 ] o.s.web.servlet.DispatcherServlet        : Completed initialization in 2 ms
2025-12-10T17:23:39.169+05:00 DEBUG 43046 --- [User-service] [https-jsse-nio-8080-exec-6] [6939664a36dbd953ff9006e240cce5a0-2f228b980b850464] o.s.security.web.FilterChainProxy        : Securing POST /auth/login
2025-12-10T17:23:39.176+05:00 DEBUG 43046 --- [User-service] [https-jsse-nio-8080-exec-6] [6939664a36dbd953ff9006e240cce5a0-f3eb58b11e8ee71a] o.s.s.w.a.AnonymousAuthenticationFilter  : Set SecurityContextHolder to anonymous SecurityContext
2025-12-10T17:23:39.180+05:00 DEBUG 43046 --- [User-service] [https-jsse-nio-8080-exec-6] [6939664a36dbd953ff9006e240cce5a0-b2a9bb404d98d365] o.s.security.web.FilterChainProxy        : Secured POST /auth/login
2025-12-10T17:23:39.181+05:00 DEBUG 43046 --- [User-service] [https-jsse-nio-8080-exec-6] [6939664a36dbd953ff9006e240cce5a0-b2a9bb404d98d365] o.s.web.servlet.DispatcherServlet        : POST "/auth/login", parameters={}
2025-12-10T17:23:39.182+05:00 DEBUG 43046 --- [User-service] [https-jsse-nio-8080-exec-6] [6939664a36dbd953ff9006e240cce5a0-b2a9bb404d98d365] s.w.s.m.m.a.RequestMappingHandlerMapping : Mapped to test.weewee.userservice.controller.AuthenticationController#login(LoginRequest)
2025-12-10T17:23:39.220+05:00 DEBUG 43046 --- [User-service] [https-jsse-nio-8080-exec-6] [6939664a36dbd953ff9006e240cce5a0-b2a9bb404d98d365] m.m.a.RequestResponseBodyMethodProcessor : Read "application/json;charset=UTF-8" to [LoginRequest(email=boga1@gmail.com, password=Password123!)]
2025-12-10T17:23:39.234+05:00  INFO 43046 --- [User-service] [https-jsse-nio-8080-exec-6] [6939664a36dbd953ff9006e240cce5a0-b2a9bb404d98d365] t.w.u.c.AuthenticationController         : POST /auth/login - login attempt for: boga1@gmail.com
2025-12-10T17:23:39.234+05:00  INFO 43046 --- [User-service] [https-jsse-nio-8080-exec-6] [6939664a36dbd953ff9006e240cce5a0-b2a9bb404d98d365] t.w.u.service.AuthenticationService      : Authentication attempt for user: boga1@gmail.com
2025-12-10T17:23:39.279+05:00 DEBUG 43046 --- [User-service] [https-jsse-nio-8080-exec-6] [6939664a36dbd953ff9006e240cce5a0-b2a9bb404d98d365] org.hibernate.SQL                        : 
    select
        u1_0.id,
        u1_0.created_at,
        u1_0.email,
        u1_0.first_name,
        u1_0.last_name,
        u1_0.password,
        u1_0.phone,
        u1_0.role,
        u1_0.updated_at 
    from
        users u1_0 
    where
        u1_0.email=?
2025-12-10T17:23:39.300+05:00  WARN 43046 --- [User-service] [https-jsse-nio-8080-exec-6] [6939664a36dbd953ff9006e240cce5a0-b2a9bb404d98d365] t.w.u.service.AuthenticationService      : Authentication failed - user not found: boga1@gmail.com
2025-12-10T17:23:39.300+05:00 ERROR 43046 --- [User-service] [https-jsse-nio-8080-exec-6] [6939664a36dbd953ff9006e240cce5a0-b2a9bb404d98d365] t.w.u.c.AuthenticationController         : Login failed for: boga1@gmail.com

test.weewee.userservice.exception.AuthException: Пользователь с таким email не найден
	at test.weewee.userservice.service.AuthenticationService.lambda$0(AuthenticationService.java:67) ~[classes/:na]
	at java.base/java.util.Optional.orElseThrow(Optional.java:403) ~[na:na]
	at test.weewee.userservice.service.AuthenticationService.authenticate(AuthenticationService.java:65) ~[classes/:na]
	at java.base/jdk.internal.reflect.NativeMethodAccessorImpl.invoke0(Native Method) ~[na:na]
	at java.base/jdk.internal.reflect.NativeMethodAccessorImpl.invoke(NativeMethodAccessorImpl.java:77) ~[na:na]
	at java.base/jdk.internal.reflect.DelegatingMethodAccessorImpl.invoke(DelegatingMethodAccessorImpl.java:43) ~[na:na]
	at java.base/java.lang.reflect.Method.invoke(Method.java:569) ~[na:na]
	at org.springframework.aop.support.AopUtils.invokeJoinpointUsingReflection(AopUtils.java:360) ~[spring-aop-6.2.12.jar:6.2.12]
	at org.springframework.aop.framework.CglibAopProxy$DynamicAdvisedInterceptor.intercept(CglibAopProxy.java:724) ~[spring-aop-6.2.12.jar:6.2.12]
	at test.weewee.userservice.service.AuthenticationService$$SpringCGLIB$$0.authenticate(<generated>) ~[classes/:na]
	at test.weewee.userservice.controller.AuthenticationController.login(AuthenticationController.java:74) ~[classes/:na]
	at java.base/jdk.internal.reflect.NativeMethodAccessorImpl.invoke0(Native Method) ~[na:na]
	at java.base/jdk.internal.reflect.NativeMethodAccessorImpl.invoke(NativeMethodAccessorImpl.java:77) ~[na:na]
	at java.base/jdk.internal.reflect.DelegatingMethodAccessorImpl.invoke(DelegatingMethodAccessorImpl.java:43) ~[na:na]
	at java.base/java.lang.reflect.Method.invoke(Method.java:569) ~[na:na]
	at org.springframework.web.method.support.InvocableHandlerMethod.doInvoke(InvocableHandlerMethod.java:258) ~[spring-web-6.2.12.jar:6.2.12]
	at org.springframework.web.method.support.InvocableHandlerMethod.invokeForRequest(InvocableHandlerMethod.java:191) ~[spring-web-6.2.12.jar:6.2.12]
	at org.springframework.web.servlet.mvc.method.annotation.ServletInvocableHandlerMethod.invokeAndHandle(ServletInvocableHandlerMethod.java:118) ~[spring-webmvc-6.2.12.jar:6.2.12]
	at org.springframework.web.servlet.mvc.method.annotation.RequestMappingHandlerAdapter.invokeHandlerMethod(RequestMappingHandlerAdapter.java:991) ~[spring-webmvc-6.2.12.jar:6.2.12]
	at org.springframework.web.servlet.mvc.method.annotation.RequestMappingHandlerAdapter.handleInternal(RequestMappingHandlerAdapter.java:896) ~[spring-webmvc-6.2.12.jar:6.2.12]
	at org.springframework.web.servlet.mvc.method.AbstractHandlerMethodAdapter.handle(AbstractHandlerMethodAdapter.java:87) ~[spring-webmvc-6.2.12.jar:6.2.12]
	at org.springframework.web.servlet.DispatcherServlet.doDispatch(DispatcherServlet.java:1089) ~[spring-webmvc-6.2.12.jar:6.2.12]
	at org.springframework.web.servlet.DispatcherServlet.doService(DispatcherServlet.java:979) ~[spring-webmvc-6.2.12.jar:6.2.12]
	at org.springframework.web.servlet.FrameworkServlet.processRequest(FrameworkServlet.java:1014) ~[spring-webmvc-6.2.12.jar:6.2.12]
	at org.springframework.web.servlet.FrameworkServlet.doPost(FrameworkServlet.java:914) ~[spring-webmvc-6.2.12.jar:6.2.12]
	at jakarta.servlet.http.HttpServlet.service(HttpServlet.java:590) ~[tomcat-embed-core-10.1.48.jar:6.0]
	at org.springframework.web.servlet.FrameworkServlet.service(FrameworkServlet.java:885) ~[spring-webmvc-6.2.12.jar:6.2.12]
	at jakarta.servlet.http.HttpServlet.service(HttpServlet.java:658) ~[tomcat-embed-core-10.1.48.jar:6.0]
	at org.apache.catalina.core.ApplicationFilterChain.internalDoFilter(ApplicationFilterChain.java:193) ~[tomcat-embed-core-10.1.48.jar:10.1.48]
	at org.apache.catalina.core.ApplicationFilterChain.doFilter(ApplicationFilterChain.java:138) ~[tomcat-embed-core-10.1.48.jar:10.1.48]
	at org.apache.tomcat.websocket.server.WsFilter.doFilter(WsFilter.java:51) ~[tomcat-embed-websocket-10.1.48.jar:10.1.48]
	at org.apache.catalina.core.ApplicationFilterChain.internalDoFilter(ApplicationFilterChain.java:162) ~[tomcat-embed-core-10.1.48.jar:10.1.48]
	at org.apache.catalina.core.ApplicationFilterChain.doFilter(ApplicationFilterChain.java:138) ~[tomcat-embed-core-10.1.48.jar:10.1.48]
	at org.springframework.web.filter.OncePerRequestFilter.doFilter(OncePerRequestFilter.java:110) ~[spring-web-6.2.12.jar:6.2.12]
	at org.apache.catalina.core.ApplicationFilterChain.internalDoFilter(ApplicationFilterChain.java:162) ~[tomcat-embed-core-10.1.48.jar:10.1.48]
	at org.apache.catalina.core.ApplicationFilterChain.doFilter(ApplicationFilterChain.java:138) ~[tomcat-embed-core-10.1.48.jar:10.1.48]
	at org.springframework.web.filter.CompositeFilter$VirtualFilterChain.doFilter(CompositeFilter.java:108) ~[spring-web-6.2.12.jar:6.2.12]
	at org.springframework.web.filter.CompositeFilter$VirtualFilterChain.doFilter(CompositeFilter.java:108) ~[spring-web-6.2.12.jar:6.2.12]
	at org.springframework.security.web.FilterChainProxy.lambda$doFilterInternal$3(FilterChainProxy.java:231) ~[spring-security-web-6.5.6.jar:6.5.6]
	at org.springframework.security.web.ObservationFilterChainDecorator$FilterObservation$SimpleFilterObservation.lambda$wrap$1(ObservationFilterChainDecorator.java:490) ~[spring-security-web-6.5.6.jar:6.5.6]
	at org.springframework.security.web.ObservationFilterChainDecorator$AroundFilterObservation$SimpleAroundFilterObservation.lambda$wrap$1(ObservationFilterChainDecorator.java:351) ~[spring-security-web-6.5.6.jar:6.5.6]
	at org.springframework.security.web.ObservationFilterChainDecorator.lambda$wrapSecured$0(ObservationFilterChainDecorator.java:83) ~[spring-security-web-6.5.6.jar:6.5.6]
	at org.springframework.security.web.ObservationFilterChainDecorator$VirtualFilterChain.doFilter(ObservationFilterChainDecorator.java:129) ~[spring-security-web-6.5.6.jar:6.5.6]
	at org.springframework.security.web.access.intercept.AuthorizationFilter.doFilter(AuthorizationFilter.java:101) ~[spring-security-web-6.5.6.jar:6.5.6]
	at org.springframework.security.web.ObservationFilterChainDecorator$ObservationFilter.wrapFilter(ObservationFilterChainDecorator.java:241) ~[spring-security-web-6.5.6.jar:6.5.6]
	at org.springframework.security.web.ObservationFilterChainDecorator$ObservationFilter.doFilter(ObservationFilterChainDecorator.java:228) ~[spring-security-web-6.5.6.jar:6.5.6]
	at org.springframework.security.web.ObservationFilterChainDecorator$VirtualFilterChain.doFilter(ObservationFilterChainDecorator.java:138) ~[spring-security-web-6.5.6.jar:6.5.6]
	at org.springframework.security.web.access.ExceptionTranslationFilter.doFilter(ExceptionTranslationFilter.java:125) ~[spring-security-web-6.5.6.jar:6.5.6]
	at org.springframework.security.web.access.ExceptionTranslationFilter.doFilter(ExceptionTranslationFilter.java:119) ~[spring-security-web-6.5.6.jar:6.5.6]
	at org.springframework.security.web.ObservationFilterChainDecorator$ObservationFilter.wrapFilter(ObservationFilterChainDecorator.java:241) ~[spring-security-web-6.5.6.jar:6.5.6]
	at org.springframework.security.web.ObservationFilterChainDecorator$ObservationFilter.doFilter(ObservationFilterChainDecorator.java:228) ~[spring-security-web-6.5.6.jar:6.5.6]
	at org.springframework.security.web.ObservationFilterChainDecorator$VirtualFilterChain.doFilter(ObservationFilterChainDecorator.java:138) ~[spring-security-web-6.5.6.jar:6.5.6]
	at org.springframework.security.web.session.SessionManagementFilter.doFilter(SessionManagementFilter.java:131) ~[spring-security-web-6.5.6.jar:6.5.6]
	at org.springframework.security.web.session.SessionManagementFilter.doFilter(SessionManagementFilter.java:85) ~[spring-security-web-6.5.6.jar:6.5.6]
	at org.springframework.security.web.ObservationFilterChainDecorator$ObservationFilter.wrapFilter(ObservationFilterChainDecorator.java:241) ~[spring-security-web-6.5.6.jar:6.5.6]
	at org.springframework.security.web.ObservationFilterChainDecorator$ObservationFilter.doFilter(ObservationFilterChainDecorator.java:228) ~[spring-security-web-6.5.6.jar:6.5.6]
	at org.springframework.security.web.ObservationFilterChainDecorator$VirtualFilterChain.doFilter(ObservationFilterChainDecorator.java:138) ~[spring-security-web-6.5.6.jar:6.5.6]
	at org.springframework.security.web.authentication.AnonymousAuthenticationFilter.doFilter(AnonymousAuthenticationFilter.java:100) ~[spring-security-web-6.5.6.jar:6.5.6]
	at org.springframework.security.web.ObservationFilterChainDecorator$ObservationFilter.wrapFilter(ObservationFilterChainDecorator.java:241) ~[spring-security-web-6.5.6.jar:6.5.6]
	at org.springframework.security.web.ObservationFilterChainDecorator$ObservationFilter.doFilter(ObservationFilterChainDecorator.java:228) ~[spring-security-web-6.5.6.jar:6.5.6]
	at org.springframework.security.web.ObservationFilterChainDecorator$VirtualFilterChain.doFilter(ObservationFilterChainDecorator.java:138) ~[spring-security-web-6.5.6.jar:6.5.6]
	at org.springframework.security.web.servletapi.SecurityContextHolderAwareRequestFilter.doFilter(SecurityContextHolderAwareRequestFilter.java:179) ~[spring-security-web-6.5.6.jar:6.5.6]
	at org.springframework.security.web.ObservationFilterChainDecorator$ObservationFilter.wrapFilter(ObservationFilterChainDecorator.java:241) ~[spring-security-web-6.5.6.jar:6.5.6]
	at org.springframework.security.web.ObservationFilterChainDecorator$ObservationFilter.doFilter(ObservationFilterChainDecorator.java:228) ~[spring-security-web-6.5.6.jar:6.5.6]
	at org.springframework.security.web.ObservationFilterChainDecorator$VirtualFilterChain.doFilter(ObservationFilterChainDecorator.java:138) ~[spring-security-web-6.5.6.jar:6.5.6]
	at org.springframework.security.web.savedrequest.RequestCacheAwareFilter.doFilter(RequestCacheAwareFilter.java:63) ~[spring-security-web-6.5.6.jar:6.5.6]
	at org.springframework.security.web.ObservationFilterChainDecorator$ObservationFilter.wrapFilter(ObservationFilterChainDecorator.java:241) ~[spring-security-web-6.5.6.jar:6.5.6]
	at org.springframework.security.web.ObservationFilterChainDecorator$ObservationFilter.doFilter(ObservationFilterChainDecorator.java:228) ~[spring-security-web-6.5.6.jar:6.5.6]
	at org.springframework.security.web.ObservationFilterChainDecorator$VirtualFilterChain.doFilter(ObservationFilterChainDecorator.java:138) ~[spring-security-web-6.5.6.jar:6.5.6]
	at test.weewee.userservice.config.JwtAuthenticationFilter.doFilterInternal(JwtAuthenticationFilter.java:45) ~[classes/:na]
	at org.springframework.web.filter.OncePerRequestFilter.doFilter(OncePerRequestFilter.java:116) ~[spring-web-6.2.12.jar:6.2.12]
	at org.springframework.security.web.ObservationFilterChainDecorator$ObservationFilter.wrapFilter(ObservationFilterChainDecorator.java:241) ~[spring-security-web-6.5.6.jar:6.5.6]
	at org.springframework.security.web.ObservationFilterChainDecorator$ObservationFilter.doFilter(ObservationFilterChainDecorator.java:228) ~[spring-security-web-6.5.6.jar:6.5.6]
	at org.springframework.security.web.ObservationFilterChainDecorator$VirtualFilterChain.doFilter(ObservationFilterChainDecorator.java:138) ~[spring-security-web-6.5.6.jar:6.5.6]
	at org.springframework.security.web.authentication.logout.LogoutFilter.doFilter(LogoutFilter.java:107) ~[spring-security-web-6.5.6.jar:6.5.6]
	at org.springframework.security.web.authentication.logout.LogoutFilter.doFilter(LogoutFilter.java:93) ~[spring-security-web-6.5.6.jar:6.5.6]
	at org.springframework.security.web.ObservationFilterChainDecorator$ObservationFilter.wrapFilter(ObservationFilterChainDecorator.java:241) ~[spring-security-web-6.5.6.jar:6.5.6]
	at org.springframework.security.web.ObservationFilterChainDecorator$ObservationFilter.doFilter(ObservationFilterChainDecorator.java:228) ~[spring-security-web-6.5.6.jar:6.5.6]
	at org.springframework.security.web.ObservationFilterChainDecorator$VirtualFilterChain.doFilter(ObservationFilterChainDecorator.java:138) ~[spring-security-web-6.5.6.jar:6.5.6]
	at org.springframework.security.web.header.HeaderWriterFilter.doHeadersAfter(HeaderWriterFilter.java:90) ~[spring-security-web-6.5.6.jar:6.5.6]
	at org.springframework.security.web.header.HeaderWriterFilter.doFilterInternal(HeaderWriterFilter.java:75) ~[spring-security-web-6.5.6.jar:6.5.6]
	at org.springframework.web.filter.OncePerRequestFilter.doFilter(OncePerRequestFilter.java:116) ~[spring-web-6.2.12.jar:6.2.12]
	at org.springframework.security.web.ObservationFilterChainDecorator$ObservationFilter.wrapFilter(ObservationFilterChainDecorator.java:241) ~[spring-security-web-6.5.6.jar:6.5.6]
	at org.springframework.security.web.ObservationFilterChainDecorator$ObservationFilter.doFilter(ObservationFilterChainDecorator.java:228) ~[spring-security-web-6.5.6.jar:6.5.6]
	at org.springframework.security.web.ObservationFilterChainDecorator$VirtualFilterChain.doFilter(ObservationFilterChainDecorator.java:138) ~[spring-security-web-6.5.6.jar:6.5.6]
	at org.springframework.security.web.context.SecurityContextHolderFilter.doFilter(SecurityContextHolderFilter.java:82) ~[spring-security-web-6.5.6.jar:6.5.6]
	at org.springframework.security.web.context.SecurityContextHolderFilter.doFilter(SecurityContextHolderFilter.java:69) ~[spring-security-web-6.5.6.jar:6.5.6]
	at org.springframework.security.web.ObservationFilterChainDecorator$ObservationFilter.wrapFilter(ObservationFilterChainDecorator.java:241) ~[spring-security-web-6.5.6.jar:6.5.6]
	at org.springframework.security.web.ObservationFilterChainDecorator$ObservationFilter.doFilter(ObservationFilterChainDecorator.java:228) ~[spring-security-web-6.5.6.jar:6.5.6]
	at org.springframework.security.web.ObservationFilterChainDecorator$VirtualFilterChain.doFilter(ObservationFilterChainDecorator.java:138) ~[spring-security-web-6.5.6.jar:6.5.6]
	at org.springframework.security.web.context.request.async.WebAsyncManagerIntegrationFilter.doFilterInternal(WebAsyncManagerIntegrationFilter.java:62) ~[spring-security-web-6.5.6.jar:6.5.6]
	at org.springframework.web.filter.OncePerRequestFilter.doFilter(OncePerRequestFilter.java:116) ~[spring-web-6.2.12.jar:6.2.12]
	at org.springframework.security.web.ObservationFilterChainDecorator$ObservationFilter.wrapFilter(ObservationFilterChainDecorator.java:241) ~[spring-security-web-6.5.6.jar:6.5.6]
	at org.springframework.security.web.ObservationFilterChainDecorator$ObservationFilter.doFilter(ObservationFilterChainDecorator.java:228) ~[spring-security-web-6.5.6.jar:6.5.6]
	at org.springframework.security.web.ObservationFilterChainDecorator$VirtualFilterChain.doFilter(ObservationFilterChainDecorator.java:138) ~[spring-security-web-6.5.6.jar:6.5.6]
	at org.springframework.security.web.session.DisableEncodeUrlFilter.doFilterInternal(DisableEncodeUrlFilter.java:42) ~[spring-security-web-6.5.6.jar:6.5.6]
	at org.springframework.web.filter.OncePerRequestFilter.doFilter(OncePerRequestFilter.java:116) ~[spring-web-6.2.12.jar:6.2.12]
	at org.springframework.security.web.ObservationFilterChainDecorator$ObservationFilter.wrapFilter(ObservationFilterChainDecorator.java:241) ~[spring-security-web-6.5.6.jar:6.5.6]
	at org.springframework.security.web.ObservationFilterChainDecorator$AroundFilterObservation$SimpleAroundFilterObservation.lambda$wrap$0(ObservationFilterChainDecorator.java:334) ~[spring-security-web-6.5.6.jar:6.5.6]
	at org.springframework.security.web.ObservationFilterChainDecorator$ObservationFilter.doFilter(ObservationFilterChainDecorator.java:225) ~[spring-security-web-6.5.6.jar:6.5.6]
	at org.springframework.security.web.ObservationFilterChainDecorator$VirtualFilterChain.doFilter(ObservationFilterChainDecorator.java:138) ~[spring-security-web-6.5.6.jar:6.5.6]
	at org.springframework.security.web.FilterChainProxy.doFilterInternal(FilterChainProxy.java:233) ~[spring-security-web-6.5.6.jar:6.5.6]
	at org.springframework.security.web.FilterChainProxy.doFilter(FilterChainProxy.java:191) ~[spring-security-web-6.5.6.jar:6.5.6]
	at org.springframework.web.filter.CompositeFilter$VirtualFilterChain.doFilter(CompositeFilter.java:113) ~[spring-web-6.2.12.jar:6.2.12]
	at org.springframework.web.filter.ServletRequestPathFilter.doFilter(ServletRequestPathFilter.java:52) ~[spring-web-6.2.12.jar:6.2.12]
	at org.springframework.web.filter.CompositeFilter$VirtualFilterChain.doFilter(CompositeFilter.java:113) ~[spring-web-6.2.12.jar:6.2.12]
	at org.springframework.web.filter.CompositeFilter.doFilter(CompositeFilter.java:74) ~[spring-web-6.2.12.jar:6.2.12]
	at org.springframework.security.config.annotation.web.configuration.WebSecurityConfiguration$CompositeFilterChainProxy.doFilter(WebSecurityConfiguration.java:319) ~[spring-security-config-6.5.6.jar:6.5.6]
	at org.springframework.web.filter.CompositeFilter$VirtualFilterChain.doFilter(CompositeFilter.java:113) ~[spring-web-6.2.12.jar:6.2.12]
	at org.springframework.web.servlet.handler.HandlerMappingIntrospector.lambda$createCacheFilter$4(HandlerMappingIntrospector.java:267) ~[spring-webmvc-6.2.12.jar:6.2.12]
	at org.springframework.web.filter.CompositeFilter$VirtualFilterChain.doFilter(CompositeFilter.java:113) ~[spring-web-6.2.12.jar:6.2.12]
	at org.springframework.web.filter.CompositeFilter.doFilter(CompositeFilter.java:74) ~[spring-web-6.2.12.jar:6.2.12]
	at org.springframework.security.config.annotation.web.configuration.WebMvcSecurityConfiguration$CompositeFilterChainProxy.doFilter(WebMvcSecurityConfiguration.java:240) ~[spring-security-config-6.5.6.jar:6.5.6]
	at org.springframework.web.filter.DelegatingFilterProxy.invokeDelegate(DelegatingFilterProxy.java:362) ~[spring-web-6.2.12.jar:6.2.12]
	at org.springframework.web.filter.DelegatingFilterProxy.doFilter(DelegatingFilterProxy.java:278) ~[spring-web-6.2.12.jar:6.2.12]
	at org.apache.catalina.core.ApplicationFilterChain.internalDoFilter(ApplicationFilterChain.java:162) ~[tomcat-embed-core-10.1.48.jar:10.1.48]
	at org.apache.catalina.core.ApplicationFilterChain.doFilter(ApplicationFilterChain.java:138) ~[tomcat-embed-core-10.1.48.jar:10.1.48]
	at org.springframework.web.filter.RequestContextFilter.doFilterInternal(RequestContextFilter.java:100) ~[spring-web-6.2.12.jar:6.2.12]
	at org.springframework.web.filter.OncePerRequestFilter.doFilter(OncePerRequestFilter.java:116) ~[spring-web-6.2.12.jar:6.2.12]
	at org.apache.catalina.core.ApplicationFilterChain.internalDoFilter(ApplicationFilterChain.java:162) ~[tomcat-embed-core-10.1.48.jar:10.1.48]
	at org.apache.catalina.core.ApplicationFilterChain.doFilter(ApplicationFilterChain.java:138) ~[tomcat-embed-core-10.1.48.jar:10.1.48]
	at org.springframework.web.filter.FormContentFilter.doFilterInternal(FormContentFilter.java:93) ~[spring-web-6.2.12.jar:6.2.12]
	at org.springframework.web.filter.OncePerRequestFilter.doFilter(OncePerRequestFilter.java:116) ~[spring-web-6.2.12.jar:6.2.12]
	at org.apache.catalina.core.ApplicationFilterChain.internalDoFilter(ApplicationFilterChain.java:162) ~[tomcat-embed-core-10.1.48.jar:10.1.48]
	at org.apache.catalina.core.ApplicationFilterChain.doFilter(ApplicationFilterChain.java:138) ~[tomcat-embed-core-10.1.48.jar:10.1.48]
	at org.springframework.web.filter.ServerHttpObservationFilter.doFilterInternal(ServerHttpObservationFilter.java:110) ~[spring-web-6.2.12.jar:6.2.12]
	at org.springframework.web.filter.OncePerRequestFilter.doFilter(OncePerRequestFilter.java:116) ~[spring-web-6.2.12.jar:6.2.12]
	at org.apache.catalina.core.ApplicationFilterChain.internalDoFilter(ApplicationFilterChain.java:162) ~[tomcat-embed-core-10.1.48.jar:10.1.48]
	at org.apache.catalina.core.ApplicationFilterChain.doFilter(ApplicationFilterChain.java:138) ~[tomcat-embed-core-10.1.48.jar:10.1.48]
	at org.springframework.web.filter.CharacterEncodingFilter.doFilterInternal(CharacterEncodingFilter.java:201) ~[spring-web-6.2.12.jar:6.2.12]
	at org.springframework.web.filter.OncePerRequestFilter.doFilter(OncePerRequestFilter.java:116) ~[spring-web-6.2.12.jar:6.2.12]
	at org.apache.catalina.core.ApplicationFilterChain.internalDoFilter(ApplicationFilterChain.java:162) ~[tomcat-embed-core-10.1.48.jar:10.1.48]
	at org.apache.catalina.core.ApplicationFilterChain.doFilter(ApplicationFilterChain.java:138) ~[tomcat-embed-core-10.1.48.jar:10.1.48]
	at org.apache.catalina.core.StandardWrapperValve.invoke(StandardWrapperValve.java:165) ~[tomcat-embed-core-10.1.48.jar:10.1.48]
	at org.apache.catalina.core.StandardContextValve.invoke(StandardContextValve.java:88) ~[tomcat-embed-core-10.1.48.jar:10.1.48]
	at org.apache.catalina.authenticator.AuthenticatorBase.invoke(AuthenticatorBase.java:482) ~[tomcat-embed-core-10.1.48.jar:10.1.48]
	at org.apache.catalina.core.StandardHostValve.invoke(StandardHostValve.java:113) ~[tomcat-embed-core-10.1.48.jar:10.1.48]
	at org.apache.catalina.valves.ErrorReportValve.invoke(ErrorReportValve.java:83) ~[tomcat-embed-core-10.1.48.jar:10.1.48]
	at org.apache.catalina.core.StandardEngineValve.invoke(StandardEngineValve.java:72) ~[tomcat-embed-core-10.1.48.jar:10.1.48]
	at org.apache.catalina.connector.CoyoteAdapter.service(CoyoteAdapter.java:342) ~[tomcat-embed-core-10.1.48.jar:10.1.48]
	at org.apache.coyote.http11.Http11Processor.service(Http11Processor.java:399) ~[tomcat-embed-core-10.1.48.jar:10.1.48]
	at org.apache.coyote.AbstractProcessorLight.process(AbstractProcessorLight.java:63) ~[tomcat-embed-core-10.1.48.jar:10.1.48]
	at org.apache.coyote.AbstractProtocol$ConnectionHandler.process(AbstractProtocol.java:903) ~[tomcat-embed-core-10.1.48.jar:10.1.48]
	at org.apache.tomcat.util.net.NioEndpoint$SocketProcessor.doRun(NioEndpoint.java:1774) ~[tomcat-embed-core-10.1.48.jar:10.1.48]
	at org.apache.tomcat.util.net.SocketProcessorBase.run(SocketProcessorBase.java:52) ~[tomcat-embed-core-10.1.48.jar:10.1.48]
	at org.apache.tomcat.util.threads.ThreadPoolExecutor.runWorker(ThreadPoolExecutor.java:973) ~[tomcat-embed-core-10.1.48.jar:10.1.48]
	at org.apache.tomcat.util.threads.ThreadPoolExecutor$Worker.run(ThreadPoolExecutor.java:491) ~[tomcat-embed-core-10.1.48.jar:10.1.48]
	at org.apache.tomcat.util.threads.TaskThread$WrappingRunnable.run(TaskThread.java:63) ~[tomcat-embed-core-10.1.48.jar:10.1.48]
	at java.base/java.lang.Thread.run(Thread.java:840) ~[na:na]

2025-12-10T17:23:39.312+05:00 DEBUG 43046 --- [User-service] [https-jsse-nio-8080-exec-6] [6939664a36dbd953ff9006e240cce5a0-b2a9bb404d98d365] o.s.w.s.m.m.a.HttpEntityMethodProcessor  : Using 'application/json', given [*/*] and supported [application/json, application/*+json, application/yaml]
2025-12-10T17:23:39.313+05:00 DEBUG 43046 --- [User-service] [https-jsse-nio-8080-exec-6] [6939664a36dbd953ff9006e240cce5a0-b2a9bb404d98d365] o.s.w.s.m.m.a.HttpEntityMethodProcessor  : Writing [ErrorResponse(message=Ошибка входа, errors={email=Пользователь с таким email не найден})]
2025-12-10T17:23:39.318+05:00 DEBUG 43046 --- [User-service] [https-jsse-nio-8080-exec-6] [6939664a36dbd953ff9006e240cce5a0-b2a9bb404d98d365] o.s.web.servlet.DispatcherServlet        : Completed 400 BAD_REQUEST
2025-12-10T17:23:42.481+05:00 DEBUG 43046 --- [User-service] [https-jsse-nio-8080-exec-1] [6939664ea1412a77914889ade866c4bb-cd165c7e719daf71] o.s.security.web.FilterChainProxy        : Securing POST /auth/login
2025-12-10T17:23:42.485+05:00 DEBUG 43046 --- [User-service] [https-jsse-nio-8080-exec-1] [6939664ea1412a77914889ade866c4bb-c02ddeaac4d1aa0b] o.s.s.w.a.AnonymousAuthenticationFilter  : Set SecurityContextHolder to anonymous SecurityContext
2025-12-10T17:23:42.486+05:00 DEBUG 43046 --- [User-service] [https-jsse-nio-8080-exec-1] [6939664ea1412a77914889ade866c4bb-b743b44f936c507d] o.s.security.web.FilterChainProxy        : Secured POST /auth/login
2025-12-10T17:23:42.486+05:00 DEBUG 43046 --- [User-service] [https-jsse-nio-8080-exec-1] [6939664ea1412a77914889ade866c4bb-b743b44f936c507d] o.s.web.servlet.DispatcherServlet        : POST "/auth/login", parameters={}
2025-12-10T17:23:42.486+05:00 DEBUG 43046 --- [User-service] [https-jsse-nio-8080-exec-1] [6939664ea1412a77914889ade866c4bb-b743b44f936c507d] s.w.s.m.m.a.RequestMappingHandlerMapping : Mapped to test.weewee.userservice.controller.AuthenticationController#login(LoginRequest)
2025-12-10T17:23:42.488+05:00 DEBUG 43046 --- [User-service] [https-jsse-nio-8080-exec-1] [6939664ea1412a77914889ade866c4bb-b743b44f936c507d] m.m.a.RequestResponseBodyMethodProcessor : Read "application/json;charset=UTF-8" to [LoginRequest(email=boga@gmail.com, password=Password123!)]
2025-12-10T17:23:42.489+05:00  INFO 43046 --- [User-service] [https-jsse-nio-8080-exec-1] [6939664ea1412a77914889ade866c4bb-b743b44f936c507d] t.w.u.c.AuthenticationController         : POST /auth/login - login attempt for: boga@gmail.com
2025-12-10T17:23:42.490+05:00  INFO 43046 --- [User-service] [https-jsse-nio-8080-exec-1] [6939664ea1412a77914889ade866c4bb-b743b44f936c507d] t.w.u.service.AuthenticationService      : Authentication attempt for user: boga@gmail.com
2025-12-10T17:23:42.492+05:00 DEBUG 43046 --- [User-service] [https-jsse-nio-8080-exec-1] [6939664ea1412a77914889ade866c4bb-b743b44f936c507d] org.hibernate.SQL                        : 
    select
        u1_0.id,
        u1_0.created_at,
        u1_0.email,
        u1_0.first_name,
        u1_0.last_name,
        u1_0.password,
        u1_0.phone,
        u1_0.role,
        u1_0.updated_at 
    from
        users u1_0 
    where
        u1_0.email=?
2025-12-10T17:23:42.571+05:00 DEBUG 43046 --- [User-service] [https-jsse-nio-8080-exec-1] [6939664ea1412a77914889ade866c4bb-b743b44f936c507d] org.hibernate.SQL                        : 
    select
        u1_0.id,
        u1_0.created_at,
        u1_0.email,
        u1_0.first_name,
        u1_0.last_name,
        u1_0.password,
        u1_0.phone,
        u1_0.role,
        u1_0.updated_at 
    from
        users u1_0 
    where
        u1_0.email=?
2025-12-10T17:23:42.638+05:00 DEBUG 43046 --- [User-service] [https-jsse-nio-8080-exec-1] [6939664ea1412a77914889ade866c4bb-b743b44f936c507d] o.s.s.a.dao.DaoAuthenticationProvider    : Authenticated user
2025-12-10T17:23:42.639+05:00 DEBUG 43046 --- [User-service] [https-jsse-nio-8080-exec-1] [6939664ea1412a77914889ade866c4bb-b743b44f936c507d] t.w.u.service.AuthenticationService      : Spring Security authentication successful for: boga@gmail.com
2025-12-10T17:23:42.639+05:00 DEBUG 43046 --- [User-service] [https-jsse-nio-8080-exec-1] [6939664ea1412a77914889ade866c4bb-b743b44f936c507d] t.weewee.userservice.security.JwtUtil    : Generating access token for user: c6163b0f-410e-4757-b603-16f2c7b0c632 with role: USER
2025-12-10T17:23:42.648+05:00 DEBUG 43046 --- [User-service] [https-jsse-nio-8080-exec-1] [6939664ea1412a77914889ade866c4bb-b743b44f936c507d] t.weewee.userservice.security.JwtUtil    : === ACCESS TOKEN GENERATED ===
2025-12-10T17:23:42.648+05:00 DEBUG 43046 --- [User-service] [https-jsse-nio-8080-exec-1] [6939664ea1412a77914889ade866c4bb-b743b44f936c507d] t.weewee.userservice.security.JwtUtil    : For user ID: c6163b0f-410e-4757-b603-16f2c7b0c632 with role: USER
2025-12-10T17:23:42.648+05:00 DEBUG 43046 --- [User-service] [https-jsse-nio-8080-exec-1] [6939664ea1412a77914889ade866c4bb-b743b44f936c507d] t.weewee.userservice.security.JwtUtil    : Token: eyJhbGciOiJIUzUxMiJ9.eyJzdWIiOiJjNjE2M2IwZi00MTBlL...
2025-12-10T17:23:42.648+05:00 DEBUG 43046 --- [User-service] [https-jsse-nio-8080-exec-1] [6939664ea1412a77914889ade866c4bb-b743b44f936c507d] t.weewee.userservice.security.JwtUtil    : Length: 234
2025-12-10T17:23:42.648+05:00 DEBUG 43046 --- [User-service] [https-jsse-nio-8080-exec-1] [6939664ea1412a77914889ade866c4bb-b743b44f936c507d] t.weewee.userservice.security.JwtUtil    : Expires in: 3600000 ms
2025-12-10T17:23:42.648+05:00 DEBUG 43046 --- [User-service] [https-jsse-nio-8080-exec-1] [6939664ea1412a77914889ade866c4bb-b743b44f936c507d] t.weewee.userservice.security.JwtUtil    : Generating refresh token for user: c6163b0f-410e-4757-b603-16f2c7b0c632
2025-12-10T17:23:42.648+05:00 DEBUG 43046 --- [User-service] [https-jsse-nio-8080-exec-1] [6939664ea1412a77914889ade866c4bb-b743b44f936c507d] t.weewee.userservice.security.JwtUtil    : Generated refresh token: eyJhbGciOiJIUzUxMiJ9... (length: 215)
2025-12-10T17:23:42.648+05:00  INFO 43046 --- [User-service] [https-jsse-nio-8080-exec-1] [6939664ea1412a77914889ade866c4bb-b743b44f936c507d] t.w.u.service.AuthenticationService      : Successful authentication for user: boga@gmail.com
2025-12-10T17:23:42.649+05:00 DEBUG 43046 --- [User-service] [https-jsse-nio-8080-exec-1] [6939664ea1412a77914889ade866c4bb-b743b44f936c507d] t.weewee.userservice.security.JwtUtil    : Validating token: eyJhbGciOiJIUzUxMiJ9.eyJzdWIiO...
2025-12-10T17:23:42.656+05:00 DEBUG 43046 --- [User-service] [https-jsse-nio-8080-exec-1] [6939664ea1412a77914889ade866c4bb-b743b44f936c507d] t.weewee.userservice.security.JwtUtil    : Token validation successful
2025-12-10T17:23:42.656+05:00 DEBUG 43046 --- [User-service] [https-jsse-nio-8080-exec-1] [6939664ea1412a77914889ade866c4bb-b743b44f936c507d] t.w.userservice.service.CookieService    : Creating cookie: refreshToken (secure: true)
2025-12-10T17:23:42.657+05:00 DEBUG 43046 --- [User-service] [https-jsse-nio-8080-exec-1] [6939664ea1412a77914889ade866c4bb-b743b44f936c507d] t.w.userservice.service.CookieService    : Cookie created: path=/, secure=true, httpOnly=true, sameSite=None, maxAge=604800
2025-12-10T17:23:42.661+05:00  INFO 43046 --- [User-service] [https-jsse-nio-8080-exec-1] [6939664ea1412a77914889ade866c4bb-b743b44f936c507d] t.w.u.c.AuthenticationController         : Login successful for: boga@gmail.com
2025-12-10T17:23:42.662+05:00 DEBUG 43046 --- [User-service] [https-jsse-nio-8080-exec-1] [6939664ea1412a77914889ade866c4bb-b743b44f936c507d] o.s.w.s.m.m.a.HttpEntityMethodProcessor  : Using 'application/json', given [*/*] and supported [application/json, application/*+json, application/yaml]
2025-12-10T17:23:42.664+05:00 DEBUG 43046 --- [User-service] [https-jsse-nio-8080-exec-1] [6939664ea1412a77914889ade866c4bb-b743b44f936c507d] o.s.w.s.m.m.a.HttpEntityMethodProcessor  : Writing [LoginResponse(user=UserResponse(id=c6163b0f-410e-4757-b603-16f2c7b0c632, email=boga@gmail.com, first (truncated)...]
2025-12-10T17:23:42.665+05:00 DEBUG 43046 --- [User-service] [https-jsse-nio-8080-exec-1] [6939664ea1412a77914889ade866c4bb-b743b44f936c507d] o.s.web.servlet.DispatcherServlet        : Completed 200 OK
2025-12-10T17:27:06.907+05:00  INFO 43046 --- [User-service] [SpringApplicationShutdownHook] [                                                 ] o.s.b.w.e.tomcat.GracefulShutdown        : Commencing graceful shutdown. Waiting for active requests to complete
2025-12-10T17:27:06.912+05:00  INFO 43046 --- [User-service] [tomcat-shutdown] [                                                 ] o.s.b.w.e.tomcat.GracefulShutdown        : Graceful shutdown complete
2025-12-10T17:27:06.920+05:00  INFO 43046 --- [User-service] [SpringApplicationShutdownHook] [                                                 ] j.LocalContainerEntityManagerFactoryBean : Closing JPA EntityManagerFactory for persistence unit 'default'
2025-12-10T17:27:06.922+05:00  INFO 43046 --- [User-service] [SpringApplicationShutdownHook] [                                                 ] com.zaxxer.hikari.HikariDataSource       : HikariPool-1 - Shutdown initiated...
2025-12-10T17:27:06.924+05:00  INFO 43046 --- [User-service] [SpringApplicationShutdownHook] [                                                 ] com.zaxxer.hikari.HikariDataSource       : HikariPool-1 - Shutdown completed.
2025-12-10T17:27:12.521+05:00  INFO 43812 --- [User-service] [main] [                                                 ] t.w.userservice.UserServiceApplication   : Starting UserServiceApplication using Java 17.0.16 with PID 43812 (/Users/germancerkasov/Downloads/user-service-main/target/classes started by germancerkasov in /Users/germancerkasov/Downloads/user-service-main)
2025-12-10T17:27:12.525+05:00 DEBUG 43812 --- [User-service] [main] [                                                 ] t.w.userservice.UserServiceApplication   : Running with Spring Boot v3.5.7, Spring v6.2.12
2025-12-10T17:27:12.525+05:00  INFO 43812 --- [User-service] [main] [                                                 ] t.w.userservice.UserServiceApplication   : No active profile set, falling back to 1 default profile: "default"
2025-12-10T17:27:12.979+05:00  INFO 43812 --- [User-service] [main] [                                                 ] .s.d.r.c.RepositoryConfigurationDelegate : Bootstrapping Spring Data JPA repositories in DEFAULT mode.
2025-12-10T17:27:13.001+05:00  INFO 43812 --- [User-service] [main] [                                                 ] .s.d.r.c.RepositoryConfigurationDelegate : Finished Spring Data repository scanning in 17 ms. Found 1 JPA repository interface.
2025-12-10T17:27:13.261+05:00  INFO 43812 --- [User-service] [main] [                                                 ] o.s.b.w.embedded.tomcat.TomcatWebServer  : Tomcat initialized with port 8080 (https)
2025-12-10T17:27:13.271+05:00  INFO 43812 --- [User-service] [main] [                                                 ] o.apache.catalina.core.StandardService   : Starting service [Tomcat]
2025-12-10T17:27:13.271+05:00  INFO 43812 --- [User-service] [main] [                                                 ] o.apache.catalina.core.StandardEngine    : Starting Servlet engine: [Apache Tomcat/10.1.48]
2025-12-10T17:27:13.293+05:00  INFO 43812 --- [User-service] [main] [                                                 ] o.a.c.c.C.[Tomcat].[localhost].[/]       : Initializing Spring embedded WebApplicationContext
2025-12-10T17:27:13.293+05:00  INFO 43812 --- [User-service] [main] [                                                 ] w.s.c.ServletWebServerApplicationContext : Root WebApplicationContext: initialization completed in 750 ms
2025-12-10T17:27:13.429+05:00  WARN 43812 --- [User-service] [main] [                                                 ] JpaBaseConfiguration$JpaWebConfiguration : spring.jpa.open-in-view is enabled by default. Therefore, database queries may be performed during view rendering. Explicitly configure spring.jpa.open-in-view to disable this warning
2025-12-10T17:27:13.460+05:00  INFO 43812 --- [User-service] [main] [                                                 ] o.hibernate.jpa.internal.util.LogHelper  : HHH000204: Processing PersistenceUnitInfo [name: default]
2025-12-10T17:27:13.480+05:00  INFO 43812 --- [User-service] [main] [                                                 ] org.hibernate.Version                    : HHH000412: Hibernate ORM core version 6.6.33.Final
2025-12-10T17:27:13.491+05:00  INFO 43812 --- [User-service] [main] [                                                 ] o.h.c.internal.RegionFactoryInitiator    : HHH000026: Second-level cache disabled
2025-12-10T17:27:13.590+05:00  INFO 43812 --- [User-service] [main] [                                                 ] o.s.o.j.p.SpringPersistenceUnitInfo      : No LoadTimeWeaver setup: ignoring JPA class transformer
2025-12-10T17:27:13.605+05:00  INFO 43812 --- [User-service] [main] [                                                 ] com.zaxxer.hikari.HikariDataSource       : HikariPool-1 - Starting...
2025-12-10T17:27:13.664+05:00  INFO 43812 --- [User-service] [main] [                                                 ] com.zaxxer.hikari.pool.HikariPool        : HikariPool-1 - Added connection org.postgresql.jdbc.PgConnection@2aaa89c2
2025-12-10T17:27:13.664+05:00  INFO 43812 --- [User-service] [main] [                                                 ] com.zaxxer.hikari.HikariDataSource       : HikariPool-1 - Start completed.
2025-12-10T17:27:13.677+05:00  WARN 43812 --- [User-service] [main] [                                                 ] org.hibernate.orm.deprecation            : HHH90000025: PostgreSQLDialect does not need to be specified explicitly using 'hibernate.dialect' (remove the property setting and it will be selected by default)
2025-12-10T17:27:13.685+05:00  INFO 43812 --- [User-service] [main] [                                                 ] org.hibernate.orm.connections.pooling    : HHH10001005: Database info:
	Database JDBC URL [Connecting through datasource 'HikariDataSource (HikariPool-1)']
	Database driver: undefined/unknown
	Database version: 15.14
	Autocommit mode: undefined/unknown
	Isolation level: undefined/unknown
	Minimum pool size: undefined/unknown
	Maximum pool size: undefined/unknown
2025-12-10T17:27:13.967+05:00  INFO 43812 --- [User-service] [main] [                                                 ] o.h.e.t.j.p.i.JtaPlatformInitiator       : HHH000489: No JTA platform available (set 'hibernate.transaction.jta.platform' to enable JTA platform integration)
2025-12-10T17:27:13.994+05:00  INFO 43812 --- [User-service] [main] [                                                 ] j.LocalContainerEntityManagerFactoryBean : Initialized JPA EntityManagerFactory for persistence unit 'default'
2025-12-10T17:27:14.039+05:00 DEBUG 43812 --- [User-service] [main] [                                                 ] .m.m.a.ExceptionHandlerExceptionResolver : ControllerAdvice beans: 2 @ExceptionHandler, 1 ResponseBodyAdvice
2025-12-10T17:27:14.149+05:00 DEBUG 43812 --- [User-service] [main] [                                                 ] t.w.u.config.JwtAuthenticationFilter     : Filter 'jwtAuthenticationFilter' configured for use
2025-12-10T17:27:14.149+05:00 DEBUG 43812 --- [User-service] [main] [                                                 ] o.s.w.f.ServerHttpObservationFilter      : Filter 'webMvcObservationFilter' configured for use
2025-12-10T17:27:14.173+05:00  INFO 43812 --- [User-service] [main] [                                                 ] eAuthenticationProviderManagerConfigurer : Global AuthenticationManager configured with AuthenticationProvider bean with name authenticationProvider
2025-12-10T17:27:14.174+05:00  WARN 43812 --- [User-service] [main] [                                                 ] r$InitializeUserDetailsManagerConfigurer : Global AuthenticationManager configured with an AuthenticationProvider bean. UserDetailsService beans will not be used by Spring Security for automatically configuring username/password login. Consider removing the AuthenticationProvider bean. Alternatively, consider using the UserDetailsService in a manually instantiated DaoAuthenticationProvider. If the current configuration is intentional, to turn off this warning, increase the logging level of 'org.springframework.security.config.annotation.authentication.configuration.InitializeUserDetailsBeanManagerConfigurer' to ERROR
2025-12-10T17:27:14.256+05:00 DEBUG 43812 --- [User-service] [main] [                                                 ] s.w.s.m.m.a.RequestMappingHandlerMapping : 19 mappings in 'requestMappingHandlerMapping'
2025-12-10T17:27:14.269+05:00 DEBUG 43812 --- [User-service] [main] [                                                 ] o.s.w.s.handler.SimpleUrlHandlerMapping  : Patterns [/webjars/**, /**, /swagger-ui*/*swagger-initializer.js, /swagger-ui*/**] in 'resourceHandlerMapping'
2025-12-10T17:27:14.300+05:00  INFO 43812 --- [User-service] [main] [                                                 ] o.s.b.a.e.web.EndpointLinksResolver      : Exposing 2 endpoints beneath base path '/actuator'
2025-12-10T17:27:14.340+05:00 DEBUG 43812 --- [User-service] [main] [                                                 ] o.s.s.web.DefaultSecurityFilterChain     : Will secure any request with filters: DisableEncodeUrlFilter, WebAsyncManagerIntegrationFilter, SecurityContextHolderFilter, HeaderWriterFilter, LogoutFilter, JwtAuthenticationFilter, RequestCacheAwareFilter, SecurityContextHolderAwareRequestFilter, AnonymousAuthenticationFilter, SessionManagementFilter, ExceptionTranslationFilter, AuthorizationFilter
2025-12-10T17:27:14.363+05:00 DEBUG 43812 --- [User-service] [main] [                                                 ] s.w.s.m.m.a.RequestMappingHandlerAdapter : ControllerAdvice beans: 0 @ModelAttribute, 0 @InitBinder, 1 RequestBodyAdvice, 1 ResponseBodyAdvice
2025-12-10T17:27:14.505+05:00  INFO 43812 --- [User-service] [main] [                                                 ] o.a.t.util.net.NioEndpoint.certificate   : Connector [https-jsse-nio-8080], TLS virtual host [_default_], certificate type [UNDEFINED] configured from keystore [/Users/germancerkasov/.keystore] using alias [tomcat] with trust store [null]
2025-12-10T17:27:14.509+05:00  INFO 43812 --- [User-service] [main] [                                                 ] o.s.b.w.embedded.tomcat.TomcatWebServer  : Tomcat started on port 8080 (https) with context path '/'
2025-12-10T17:27:14.517+05:00  INFO 43812 --- [User-service] [main] [                                                 ] t.w.userservice.UserServiceApplication   : Started UserServiceApplication in 2.216 seconds (process running for 2.354)
2025-12-10T17:27:51.718+05:00  INFO 43812 --- [User-service] [https-jsse-nio-8080-exec-7] [                                                 ] o.a.c.c.C.[Tomcat].[localhost].[/]       : Initializing Spring DispatcherServlet 'dispatcherServlet'
2025-12-10T17:27:51.719+05:00  INFO 43812 --- [User-service] [https-jsse-nio-8080-exec-7] [                                                 ] o.s.web.servlet.DispatcherServlet        : Initializing Servlet 'dispatcherServlet'
2025-12-10T17:27:51.719+05:00 DEBUG 43812 --- [User-service] [https-jsse-nio-8080-exec-7] [                                                 ] o.s.web.servlet.DispatcherServlet        : Detected StandardServletMultipartResolver
2025-12-10T17:27:51.719+05:00 DEBUG 43812 --- [User-service] [https-jsse-nio-8080-exec-7] [                                                 ] o.s.web.servlet.DispatcherServlet        : Detected AcceptHeaderLocaleResolver
2025-12-10T17:27:51.720+05:00 DEBUG 43812 --- [User-service] [https-jsse-nio-8080-exec-7] [                                                 ] o.s.web.servlet.DispatcherServlet        : Detected FixedThemeResolver
2025-12-10T17:27:51.729+05:00 DEBUG 43812 --- [User-service] [https-jsse-nio-8080-exec-7] [                                                 ] o.s.web.servlet.DispatcherServlet        : Detected org.springframework.web.servlet.view.DefaultRequestToViewNameTranslator@45295bed
2025-12-10T17:27:51.729+05:00 DEBUG 43812 --- [User-service] [https-jsse-nio-8080-exec-7] [                                                 ] o.s.web.servlet.DispatcherServlet        : Detected org.springframework.web.servlet.support.SessionFlashMapManager@75c8855e
2025-12-10T17:27:51.730+05:00 DEBUG 43812 --- [User-service] [https-jsse-nio-8080-exec-7] [                                                 ] o.s.web.servlet.DispatcherServlet        : enableLoggingRequestDetails='false': request parameters and headers will be masked to prevent unsafe logging of potentially sensitive data
2025-12-10T17:27:51.730+05:00  INFO 43812 --- [User-service] [https-jsse-nio-8080-exec-7] [                                                 ] o.s.web.servlet.DispatcherServlet        : Completed initialization in 11 ms
2025-12-10T17:27:51.745+05:00 DEBUG 43812 --- [User-service] [https-jsse-nio-8080-exec-7] [6939674760e786462c067a2a93a1429c-3fdeff786b467ab8] o.s.security.web.FilterChainProxy        : Securing POST /auth/login
2025-12-10T17:27:51.750+05:00 DEBUG 43812 --- [User-service] [https-jsse-nio-8080-exec-7] [6939674760e786462c067a2a93a1429c-76e5d09bf996535b] o.s.s.w.a.AnonymousAuthenticationFilter  : Set SecurityContextHolder to anonymous SecurityContext
2025-12-10T17:27:51.754+05:00 DEBUG 43812 --- [User-service] [https-jsse-nio-8080-exec-7] [6939674760e786462c067a2a93a1429c-dec72c36efffab1c] o.s.security.web.FilterChainProxy        : Secured POST /auth/login
2025-12-10T17:27:51.755+05:00 DEBUG 43812 --- [User-service] [https-jsse-nio-8080-exec-7] [6939674760e786462c067a2a93a1429c-dec72c36efffab1c] o.s.web.servlet.DispatcherServlet        : POST "/auth/login", parameters={}
2025-12-10T17:27:51.756+05:00 DEBUG 43812 --- [User-service] [https-jsse-nio-8080-exec-7] [6939674760e786462c067a2a93a1429c-dec72c36efffab1c] s.w.s.m.m.a.RequestMappingHandlerMapping : Mapped to test.weewee.userservice.controller.AuthenticationController#login(LoginRequest)
2025-12-10T17:27:51.793+05:00 DEBUG 43812 --- [User-service] [https-jsse-nio-8080-exec-7] [6939674760e786462c067a2a93a1429c-dec72c36efffab1c] m.m.a.RequestResponseBodyMethodProcessor : Read "application/json;charset=UTF-8" to [LoginRequest(email=boga@gmail.com, password=Password123!)]
2025-12-10T17:27:51.821+05:00  INFO 43812 --- [User-service] [https-jsse-nio-8080-exec-7] [6939674760e786462c067a2a93a1429c-dec72c36efffab1c] t.w.u.c.AuthenticationController         : POST /auth/login - login attempt for: boga@gmail.com
2025-12-10T17:27:51.822+05:00  INFO 43812 --- [User-service] [https-jsse-nio-8080-exec-7] [6939674760e786462c067a2a93a1429c-dec72c36efffab1c] t.w.u.service.AuthenticationService      : Authentication attempt for user: boga@gmail.com
2025-12-10T17:27:51.872+05:00 DEBUG 43812 --- [User-service] [https-jsse-nio-8080-exec-7] [6939674760e786462c067a2a93a1429c-dec72c36efffab1c] org.hibernate.SQL                        : 
    select
        u1_0.id,
        u1_0.created_at,
        u1_0.email,
        u1_0.first_name,
        u1_0.last_name,
        u1_0.password,
        u1_0.phone,
        u1_0.role,
        u1_0.updated_at 
    from
        users u1_0 
    where
        u1_0.email=?
2025-12-10T17:27:51.955+05:00 DEBUG 43812 --- [User-service] [https-jsse-nio-8080-exec-7] [6939674760e786462c067a2a93a1429c-dec72c36efffab1c] org.hibernate.SQL                        : 
    select
        u1_0.id,
        u1_0.created_at,
        u1_0.email,
        u1_0.first_name,
        u1_0.last_name,
        u1_0.password,
        u1_0.phone,
        u1_0.role,
        u1_0.updated_at 
    from
        users u1_0 
    where
        u1_0.email=?
2025-12-10T17:27:52.021+05:00 DEBUG 43812 --- [User-service] [https-jsse-nio-8080-exec-7] [6939674760e786462c067a2a93a1429c-dec72c36efffab1c] o.s.s.a.dao.DaoAuthenticationProvider    : Authenticated user
2025-12-10T17:27:52.022+05:00 DEBUG 43812 --- [User-service] [https-jsse-nio-8080-exec-7] [6939674760e786462c067a2a93a1429c-dec72c36efffab1c] t.w.u.service.AuthenticationService      : Spring Security authentication successful for: boga@gmail.com
2025-12-10T17:27:52.022+05:00 DEBUG 43812 --- [User-service] [https-jsse-nio-8080-exec-7] [6939674760e786462c067a2a93a1429c-dec72c36efffab1c] t.weewee.userservice.security.JwtUtil    : Generating access token for user: c6163b0f-410e-4757-b603-16f2c7b0c632 with role: USER
2025-12-10T17:27:52.034+05:00 DEBUG 43812 --- [User-service] [https-jsse-nio-8080-exec-7] [6939674760e786462c067a2a93a1429c-dec72c36efffab1c] t.weewee.userservice.security.JwtUtil    : === ACCESS TOKEN GENERATED ===
2025-12-10T17:27:52.034+05:00 DEBUG 43812 --- [User-service] [https-jsse-nio-8080-exec-7] [6939674760e786462c067a2a93a1429c-dec72c36efffab1c] t.weewee.userservice.security.JwtUtil    : For user ID: c6163b0f-410e-4757-b603-16f2c7b0c632 with role: USER
2025-12-10T17:27:52.034+05:00 DEBUG 43812 --- [User-service] [https-jsse-nio-8080-exec-7] [6939674760e786462c067a2a93a1429c-dec72c36efffab1c] t.weewee.userservice.security.JwtUtil    : Token: eyJhbGciOiJIUzUxMiJ9.eyJzdWIiOiJjNjE2M2IwZi00MTBlL...
2025-12-10T17:27:52.034+05:00 DEBUG 43812 --- [User-service] [https-jsse-nio-8080-exec-7] [6939674760e786462c067a2a93a1429c-dec72c36efffab1c] t.weewee.userservice.security.JwtUtil    : Length: 234
2025-12-10T17:27:52.034+05:00 DEBUG 43812 --- [User-service] [https-jsse-nio-8080-exec-7] [6939674760e786462c067a2a93a1429c-dec72c36efffab1c] t.weewee.userservice.security.JwtUtil    : Expires in: 3600000 ms
2025-12-10T17:27:52.034+05:00 DEBUG 43812 --- [User-service] [https-jsse-nio-8080-exec-7] [6939674760e786462c067a2a93a1429c-dec72c36efffab1c] t.weewee.userservice.security.JwtUtil    : Generating refresh token for user: c6163b0f-410e-4757-b603-16f2c7b0c632
2025-12-10T17:27:52.035+05:00 DEBUG 43812 --- [User-service] [https-jsse-nio-8080-exec-7] [6939674760e786462c067a2a93a1429c-dec72c36efffab1c] t.weewee.userservice.security.JwtUtil    : Generated refresh token: eyJhbGciOiJIUzUxMiJ9... (length: 215)
2025-12-10T17:27:52.035+05:00  INFO 43812 --- [User-service] [https-jsse-nio-8080-exec-7] [6939674760e786462c067a2a93a1429c-dec72c36efffab1c] t.w.u.service.AuthenticationService      : Successful authentication for user: boga@gmail.com
2025-12-10T17:27:52.035+05:00 DEBUG 43812 --- [User-service] [https-jsse-nio-8080-exec-7] [6939674760e786462c067a2a93a1429c-dec72c36efffab1c] t.weewee.userservice.security.JwtUtil    : Validating token: eyJhbGciOiJIUzUxMiJ9.eyJzdWIiO...
2025-12-10T17:27:52.042+05:00 DEBUG 43812 --- [User-service] [https-jsse-nio-8080-exec-7] [6939674760e786462c067a2a93a1429c-dec72c36efffab1c] t.weewee.userservice.security.JwtUtil    : Token validation successful
2025-12-10T17:27:52.042+05:00 DEBUG 43812 --- [User-service] [https-jsse-nio-8080-exec-7] [6939674760e786462c067a2a93a1429c-dec72c36efffab1c] t.w.userservice.service.CookieService    : Creating cookie: refreshToken (secure: true)
2025-12-10T17:27:52.043+05:00 DEBUG 43812 --- [User-service] [https-jsse-nio-8080-exec-7] [6939674760e786462c067a2a93a1429c-dec72c36efffab1c] t.w.userservice.service.CookieService    : Cookie created: path=/, secure=true, httpOnly=true, sameSite=None, maxAge=604800
2025-12-10T17:27:52.047+05:00  INFO 43812 --- [User-service] [https-jsse-nio-8080-exec-7] [6939674760e786462c067a2a93a1429c-dec72c36efffab1c] t.w.u.c.AuthenticationController         : Login successful for: boga@gmail.com
2025-12-10T17:27:52.053+05:00 DEBUG 43812 --- [User-service] [https-jsse-nio-8080-exec-7] [6939674760e786462c067a2a93a1429c-dec72c36efffab1c] o.s.w.s.m.m.a.HttpEntityMethodProcessor  : Using 'application/json', given [*/*] and supported [application/json, application/*+json, application/yaml]
2025-12-10T17:27:52.054+05:00 DEBUG 43812 --- [User-service] [https-jsse-nio-8080-exec-7] [6939674760e786462c067a2a93a1429c-dec72c36efffab1c] o.s.w.s.m.m.a.HttpEntityMethodProcessor  : Writing [LoginResponse(user=UserResponse(id=c6163b0f-410e-4757-b603-16f2c7b0c632, email=boga@gmail.com, first (truncated)...]
2025-12-10T17:27:52.058+05:00 DEBUG 43812 --- [User-service] [https-jsse-nio-8080-exec-7] [6939674760e786462c067a2a93a1429c-dec72c36efffab1c] o.s.web.servlet.DispatcherServlet        : Completed 200 OK
2025-12-10T17:28:07.063+05:00 DEBUG 43812 --- [User-service] [https-jsse-nio-8080-exec-6] [6939675788dff8ea1ba5543cccf60443-8c6e5b69c44caed8] o.s.security.web.FilterChainProxy        : Securing GET /users
2025-12-10T17:28:07.064+05:00 DEBUG 43812 --- [User-service] [https-jsse-nio-8080-exec-6] [6939675788dff8ea1ba5543cccf60443-d376a1af1925e384] t.w.u.config.JwtAuthenticationFilter     : === TOKEN CLEANING DEBUG ===
2025-12-10T17:28:07.064+05:00 DEBUG 43812 --- [User-service] [https-jsse-nio-8080-exec-6] [6939675788dff8ea1ba5543cccf60443-d376a1af1925e384] t.w.u.config.JwtAuthenticationFilter     : Original: 'eyJhbGciOiJIUzUxMiJ9.eyJzdWIiOiJjNjE2M2IwZi00MTBlLTQ3NTctYjYwMy0xNmYyYzdiMGM2MzIiLCJyb2xlIjoiVVNFUiIsImlhdCI6MTc2NTM2OTY3MiwiZXhwIjoxNzY1MzczMjcyfQ.S9fyoJBiNWw_GTydMOVvo0-hkQc91g_DM7mLD22Nqq0cSLV-KRuw3dPHC92933njVZ2NMifsyZDgNOyLoVOvWw'
2025-12-10T17:28:07.064+05:00 DEBUG 43812 --- [User-service] [https-jsse-nio-8080-exec-6] [6939675788dff8ea1ba5543cccf60443-d376a1af1925e384] t.w.u.config.JwtAuthenticationFilter     : Cleaned:  'eyJhbGciOiJIUzUxMiJ9.eyJzdWIiOiJjNjE2M2IwZi00MTBlLTQ3NTctYjYwMy0xNmYyYzdiMGM2MzIiLCJyb2xlIjoiVVNFUiIsImlhdCI6MTc2NTM2OTY3MiwiZXhwIjoxNzY1MzczMjcyfQ.S9fyoJBiNWw_GTydMOVvo0-hkQc91g_DM7mLD22Nqq0cSLV-KRuw3dPHC92933njVZ2NMifsyZDgNOyLoVOvWw'
2025-12-10T17:28:07.064+05:00 DEBUG 43812 --- [User-service] [https-jsse-nio-8080-exec-6] [6939675788dff8ea1ba5543cccf60443-d376a1af1925e384] t.w.u.config.JwtAuthenticationFilter     : Length: 234 -> 234
2025-12-10T17:28:07.064+05:00 DEBUG 43812 --- [User-service] [https-jsse-nio-8080-exec-6] [6939675788dff8ea1ba5543cccf60443-d376a1af1925e384] t.w.u.config.JwtAuthenticationFilter     : Starts with eyJ: true
2025-12-10T17:28:07.064+05:00 DEBUG 43812 --- [User-service] [https-jsse-nio-8080-exec-6] [6939675788dff8ea1ba5543cccf60443-d376a1af1925e384] t.w.u.config.JwtAuthenticationFilter     : Processing JWT token for authentication (cleaned): eyJhbGciOiJIUzUxMiJ9.eyJzdWIiO...
2025-12-10T17:28:07.064+05:00 DEBUG 43812 --- [User-service] [https-jsse-nio-8080-exec-6] [6939675788dff8ea1ba5543cccf60443-d376a1af1925e384] t.weewee.userservice.security.JwtUtil    : Validating token: eyJhbGciOiJIUzUxMiJ9.eyJzdWIiO...
2025-12-10T17:28:07.065+05:00 DEBUG 43812 --- [User-service] [https-jsse-nio-8080-exec-6] [6939675788dff8ea1ba5543cccf60443-d376a1af1925e384] t.weewee.userservice.security.JwtUtil    : Token validation successful
2025-12-10T17:28:07.066+05:00 DEBUG 43812 --- [User-service] [https-jsse-nio-8080-exec-6] [6939675788dff8ea1ba5543cccf60443-d376a1af1925e384] t.w.u.config.JwtAuthenticationFilter     : Loading user details for userId: c6163b0f-410e-4757-b603-16f2c7b0c632
2025-12-10T17:28:07.074+05:00 DEBUG 43812 --- [User-service] [https-jsse-nio-8080-exec-6] [6939675788dff8ea1ba5543cccf60443-d376a1af1925e384] org.hibernate.SQL                        : 
    select
        u1_0.id,
        u1_0.created_at,
        u1_0.email,
        u1_0.first_name,
        u1_0.last_name,
        u1_0.password,
        u1_0.phone,
        u1_0.role,
        u1_0.updated_at 
    from
        users u1_0 
    where
        u1_0.id=?
2025-12-10T17:28:07.079+05:00  INFO 43812 --- [User-service] [https-jsse-nio-8080-exec-6] [6939675788dff8ea1ba5543cccf60443-d376a1af1925e384] t.w.u.config.JwtAuthenticationFilter     : JWT token validated successfully for user: boga@gmail.com (ID: c6163b0f-410e-4757-b603-16f2c7b0c632)
2025-12-10T17:28:07.081+05:00 DEBUG 43812 --- [User-service] [https-jsse-nio-8080-exec-6] [6939675788dff8ea1ba5543cccf60443-d376a1af1925e384] t.w.u.config.JwtAuthenticationFilter     : Authentication set in SecurityContext for user: boga@gmail.com
2025-12-10T17:28:07.084+05:00 DEBUG 43812 --- [User-service] [https-jsse-nio-8080-exec-6] [6939675788dff8ea1ba5543cccf60443-d376a1af1925e384] o.s.s.w.access.AccessDeniedHandlerImpl   : Responding with 403 status code
2025-12-10T17:28:07.087+05:00 DEBUG 43812 --- [User-service] [https-jsse-nio-8080-exec-6] [                                                 ] o.s.security.web.FilterChainProxy        : Securing GET /error
2025-12-10T17:28:07.088+05:00 DEBUG 43812 --- [User-service] [https-jsse-nio-8080-exec-6] [6939675788dff8ea1ba5543cccf60443-b2bfbfac89d66a36] o.s.s.w.a.AnonymousAuthenticationFilter  : Set SecurityContextHolder to anonymous SecurityContext
2025-12-10T17:28:07.088+05:00 DEBUG 43812 --- [User-service] [https-jsse-nio-8080-exec-6] [6939675788dff8ea1ba5543cccf60443-1cee4fb01f067b53] o.s.s.w.a.Http403ForbiddenEntryPoint     : Pre-authenticated entry point called. Rejecting access
2025-12-10T17:28:09.177+05:00 DEBUG 43812 --- [User-service] [https-jsse-nio-8080-exec-8] [693967592d7cc521e5e86d0b253150bd-f3e4fd6b0869da1c] o.s.security.web.FilterChainProxy        : Securing GET /users
2025-12-10T17:28:09.178+05:00 DEBUG 43812 --- [User-service] [https-jsse-nio-8080-exec-8] [693967592d7cc521e5e86d0b253150bd-5a99112dac6eedc0] t.w.u.config.JwtAuthenticationFilter     : === TOKEN CLEANING DEBUG ===
2025-12-10T17:28:09.179+05:00 DEBUG 43812 --- [User-service] [https-jsse-nio-8080-exec-8] [693967592d7cc521e5e86d0b253150bd-5a99112dac6eedc0] t.w.u.config.JwtAuthenticationFilter     : Original: 'eyJhbGciOiJIUzUxMiJ9.eyJzdWIiOiJjNjE2M2IwZi00MTBlLTQ3NTctYjYwMy0xNmYyYzdiMGM2MzIiLCJyb2xlIjoiVVNFUiIsImlhdCI6MTc2NTM2OTY3MiwiZXhwIjoxNzY1MzczMjcyfQ.S9fyoJBiNWw_GTydMOVvo0-hkQc91g_DM7mLD22Nqq0cSLV-KRuw3dPHC92933njVZ2NMifsyZDgNOyLoVOvWw'
2025-12-10T17:28:09.179+05:00 DEBUG 43812 --- [User-service] [https-jsse-nio-8080-exec-8] [693967592d7cc521e5e86d0b253150bd-5a99112dac6eedc0] t.w.u.config.JwtAuthenticationFilter     : Cleaned:  'eyJhbGciOiJIUzUxMiJ9.eyJzdWIiOiJjNjE2M2IwZi00MTBlLTQ3NTctYjYwMy0xNmYyYzdiMGM2MzIiLCJyb2xlIjoiVVNFUiIsImlhdCI6MTc2NTM2OTY3MiwiZXhwIjoxNzY1MzczMjcyfQ.S9fyoJBiNWw_GTydMOVvo0-hkQc91g_DM7mLD22Nqq0cSLV-KRuw3dPHC92933njVZ2NMifsyZDgNOyLoVOvWw'
2025-12-10T17:28:09.179+05:00 DEBUG 43812 --- [User-service] [https-jsse-nio-8080-exec-8] [693967592d7cc521e5e86d0b253150bd-5a99112dac6eedc0] t.w.u.config.JwtAuthenticationFilter     : Length: 234 -> 234
2025-12-10T17:28:09.179+05:00 DEBUG 43812 --- [User-service] [https-jsse-nio-8080-exec-8] [693967592d7cc521e5e86d0b253150bd-5a99112dac6eedc0] t.w.u.config.JwtAuthenticationFilter     : Starts with eyJ: true
2025-12-10T17:28:09.179+05:00 DEBUG 43812 --- [User-service] [https-jsse-nio-8080-exec-8] [693967592d7cc521e5e86d0b253150bd-5a99112dac6eedc0] t.w.u.config.JwtAuthenticationFilter     : Processing JWT token for authentication (cleaned): eyJhbGciOiJIUzUxMiJ9.eyJzdWIiO...
2025-12-10T17:28:09.179+05:00 DEBUG 43812 --- [User-service] [https-jsse-nio-8080-exec-8] [693967592d7cc521e5e86d0b253150bd-5a99112dac6eedc0] t.weewee.userservice.security.JwtUtil    : Validating token: eyJhbGciOiJIUzUxMiJ9.eyJzdWIiO...
2025-12-10T17:28:09.181+05:00 DEBUG 43812 --- [User-service] [https-jsse-nio-8080-exec-8] [693967592d7cc521e5e86d0b253150bd-5a99112dac6eedc0] t.weewee.userservice.security.JwtUtil    : Token validation successful
2025-12-10T17:28:09.182+05:00 DEBUG 43812 --- [User-service] [https-jsse-nio-8080-exec-8] [693967592d7cc521e5e86d0b253150bd-5a99112dac6eedc0] t.w.u.config.JwtAuthenticationFilter     : Loading user details for userId: c6163b0f-410e-4757-b603-16f2c7b0c632
2025-12-10T17:28:09.183+05:00 DEBUG 43812 --- [User-service] [https-jsse-nio-8080-exec-8] [693967592d7cc521e5e86d0b253150bd-5a99112dac6eedc0] org.hibernate.SQL                        : 
    select
        u1_0.id,
        u1_0.created_at,
        u1_0.email,
        u1_0.first_name,
        u1_0.last_name,
        u1_0.password,
        u1_0.phone,
        u1_0.role,
        u1_0.updated_at 
    from
        users u1_0 
    where
        u1_0.id=?
2025-12-10T17:28:09.185+05:00  INFO 43812 --- [User-service] [https-jsse-nio-8080-exec-8] [693967592d7cc521e5e86d0b253150bd-5a99112dac6eedc0] t.w.u.config.JwtAuthenticationFilter     : JWT token validated successfully for user: boga@gmail.com (ID: c6163b0f-410e-4757-b603-16f2c7b0c632)
2025-12-10T17:28:09.185+05:00 DEBUG 43812 --- [User-service] [https-jsse-nio-8080-exec-8] [693967592d7cc521e5e86d0b253150bd-5a99112dac6eedc0] t.w.u.config.JwtAuthenticationFilter     : Authentication set in SecurityContext for user: boga@gmail.com
2025-12-10T17:28:09.186+05:00 DEBUG 43812 --- [User-service] [https-jsse-nio-8080-exec-8] [693967592d7cc521e5e86d0b253150bd-5a99112dac6eedc0] o.s.s.w.access.AccessDeniedHandlerImpl   : Responding with 403 status code
2025-12-10T17:28:09.188+05:00 DEBUG 43812 --- [User-service] [https-jsse-nio-8080-exec-8] [                                                 ] o.s.security.web.FilterChainProxy        : Securing GET /error
2025-12-10T17:28:09.188+05:00 DEBUG 43812 --- [User-service] [https-jsse-nio-8080-exec-8] [693967592d7cc521e5e86d0b253150bd-b7a2217fff507a5e] o.s.s.w.a.AnonymousAuthenticationFilter  : Set SecurityContextHolder to anonymous SecurityContext
2025-12-10T17:28:09.189+05:00 DEBUG 43812 --- [User-service] [https-jsse-nio-8080-exec-8] [693967592d7cc521e5e86d0b253150bd-ced3b1bff0715363] o.s.s.w.a.Http403ForbiddenEntryPoint     : Pre-authenticated entry point called. Rejecting access
2025-12-10T17:28:15.601+05:00 DEBUG 43812 --- [User-service] [https-jsse-nio-8080-exec-9] [6939675f89d39561f8f3657491e32e4e-1bcb302df0b7ea7d] o.s.security.web.FilterChainProxy        : Securing POST /auth/login
2025-12-10T17:28:15.602+05:00 DEBUG 43812 --- [User-service] [https-jsse-nio-8080-exec-9] [6939675f89d39561f8f3657491e32e4e-623c2142f71df694] o.s.s.w.a.AnonymousAuthenticationFilter  : Set SecurityContextHolder to anonymous SecurityContext
2025-12-10T17:28:15.603+05:00 DEBUG 43812 --- [User-service] [https-jsse-nio-8080-exec-9] [6939675f89d39561f8f3657491e32e4e-13d690f70982891a] o.s.security.web.FilterChainProxy        : Secured POST /auth/login
2025-12-10T17:28:15.603+05:00 DEBUG 43812 --- [User-service] [https-jsse-nio-8080-exec-9] [6939675f89d39561f8f3657491e32e4e-13d690f70982891a] o.s.web.servlet.DispatcherServlet        : POST "/auth/login", parameters={}
2025-12-10T17:28:15.604+05:00 DEBUG 43812 --- [User-service] [https-jsse-nio-8080-exec-9] [6939675f89d39561f8f3657491e32e4e-13d690f70982891a] s.w.s.m.m.a.RequestMappingHandlerMapping : Mapped to test.weewee.userservice.controller.AuthenticationController#login(LoginRequest)
2025-12-10T17:28:15.605+05:00 DEBUG 43812 --- [User-service] [https-jsse-nio-8080-exec-9] [6939675f89d39561f8f3657491e32e4e-13d690f70982891a] m.m.a.RequestResponseBodyMethodProcessor : Read "application/json;charset=UTF-8" to [LoginRequest(email=weewee@admin.com, password=Admin21W)]
2025-12-10T17:28:15.605+05:00  INFO 43812 --- [User-service] [https-jsse-nio-8080-exec-9] [6939675f89d39561f8f3657491e32e4e-13d690f70982891a] t.w.u.c.AuthenticationController         : POST /auth/login - login attempt for: weewee@admin.com
2025-12-10T17:28:15.605+05:00  INFO 43812 --- [User-service] [https-jsse-nio-8080-exec-9] [6939675f89d39561f8f3657491e32e4e-13d690f70982891a] t.w.u.service.AuthenticationService      : Authentication attempt for user: weewee@admin.com
2025-12-10T17:28:15.607+05:00 DEBUG 43812 --- [User-service] [https-jsse-nio-8080-exec-9] [6939675f89d39561f8f3657491e32e4e-13d690f70982891a] org.hibernate.SQL                        : 
    select
        u1_0.id,
        u1_0.created_at,
        u1_0.email,
        u1_0.first_name,
        u1_0.last_name,
        u1_0.password,
        u1_0.phone,
        u1_0.role,
        u1_0.updated_at 
    from
        users u1_0 
    where
        u1_0.email=?
2025-12-10T17:28:15.611+05:00 DEBUG 43812 --- [User-service] [https-jsse-nio-8080-exec-9] [6939675f89d39561f8f3657491e32e4e-13d690f70982891a] org.hibernate.SQL                        : 
    select
        u1_0.id,
        u1_0.created_at,
        u1_0.email,
        u1_0.first_name,
        u1_0.last_name,
        u1_0.password,
        u1_0.phone,
        u1_0.role,
        u1_0.updated_at 
    from
        users u1_0 
    where
        u1_0.email=?
2025-12-10T17:28:15.679+05:00 DEBUG 43812 --- [User-service] [https-jsse-nio-8080-exec-9] [6939675f89d39561f8f3657491e32e4e-13d690f70982891a] o.s.s.a.dao.DaoAuthenticationProvider    : Authenticated user
2025-12-10T17:28:15.679+05:00 DEBUG 43812 --- [User-service] [https-jsse-nio-8080-exec-9] [6939675f89d39561f8f3657491e32e4e-13d690f70982891a] t.w.u.service.AuthenticationService      : Spring Security authentication successful for: weewee@admin.com
2025-12-10T17:28:15.679+05:00 DEBUG 43812 --- [User-service] [https-jsse-nio-8080-exec-9] [6939675f89d39561f8f3657491e32e4e-13d690f70982891a] t.weewee.userservice.security.JwtUtil    : Generating access token for user: d33df2df-fc86-4294-8b4e-5f5b78e48490 with role: ADMIN
2025-12-10T17:28:15.680+05:00 DEBUG 43812 --- [User-service] [https-jsse-nio-8080-exec-9] [6939675f89d39561f8f3657491e32e4e-13d690f70982891a] t.weewee.userservice.security.JwtUtil    : === ACCESS TOKEN GENERATED ===
2025-12-10T17:28:15.680+05:00 DEBUG 43812 --- [User-service] [https-jsse-nio-8080-exec-9] [6939675f89d39561f8f3657491e32e4e-13d690f70982891a] t.weewee.userservice.security.JwtUtil    : For user ID: d33df2df-fc86-4294-8b4e-5f5b78e48490 with role: ADMIN
2025-12-10T17:28:15.680+05:00 DEBUG 43812 --- [User-service] [https-jsse-nio-8080-exec-9] [6939675f89d39561f8f3657491e32e4e-13d690f70982891a] t.weewee.userservice.security.JwtUtil    : Token: eyJhbGciOiJIUzUxMiJ9.eyJzdWIiOiJkMzNkZjJkZi1mYzg2L...
2025-12-10T17:28:15.680+05:00 DEBUG 43812 --- [User-service] [https-jsse-nio-8080-exec-9] [6939675f89d39561f8f3657491e32e4e-13d690f70982891a] t.weewee.userservice.security.JwtUtil    : Length: 235
2025-12-10T17:28:15.680+05:00 DEBUG 43812 --- [User-service] [https-jsse-nio-8080-exec-9] [6939675f89d39561f8f3657491e32e4e-13d690f70982891a] t.weewee.userservice.security.JwtUtil    : Expires in: 3600000 ms
2025-12-10T17:28:15.680+05:00 DEBUG 43812 --- [User-service] [https-jsse-nio-8080-exec-9] [6939675f89d39561f8f3657491e32e4e-13d690f70982891a] t.weewee.userservice.security.JwtUtil    : Generating refresh token for user: d33df2df-fc86-4294-8b4e-5f5b78e48490
2025-12-10T17:28:15.680+05:00 DEBUG 43812 --- [User-service] [https-jsse-nio-8080-exec-9] [6939675f89d39561f8f3657491e32e4e-13d690f70982891a] t.weewee.userservice.security.JwtUtil    : Generated refresh token: eyJhbGciOiJIUzUxMiJ9... (length: 215)
2025-12-10T17:28:15.680+05:00  INFO 43812 --- [User-service] [https-jsse-nio-8080-exec-9] [6939675f89d39561f8f3657491e32e4e-13d690f70982891a] t.w.u.service.AuthenticationService      : Successful authentication for user: weewee@admin.com
2025-12-10T17:28:15.680+05:00 DEBUG 43812 --- [User-service] [https-jsse-nio-8080-exec-9] [6939675f89d39561f8f3657491e32e4e-13d690f70982891a] t.weewee.userservice.security.JwtUtil    : Validating token: eyJhbGciOiJIUzUxMiJ9.eyJzdWIiO...
2025-12-10T17:28:15.681+05:00 DEBUG 43812 --- [User-service] [https-jsse-nio-8080-exec-9] [6939675f89d39561f8f3657491e32e4e-13d690f70982891a] t.weewee.userservice.security.JwtUtil    : Token validation successful
2025-12-10T17:28:15.681+05:00 DEBUG 43812 --- [User-service] [https-jsse-nio-8080-exec-9] [6939675f89d39561f8f3657491e32e4e-13d690f70982891a] t.w.userservice.service.CookieService    : Creating cookie: refreshToken (secure: true)
2025-12-10T17:28:15.681+05:00 DEBUG 43812 --- [User-service] [https-jsse-nio-8080-exec-9] [6939675f89d39561f8f3657491e32e4e-13d690f70982891a] t.w.userservice.service.CookieService    : Cookie created: path=/, secure=true, httpOnly=true, sameSite=None, maxAge=604800
2025-12-10T17:28:15.681+05:00  INFO 43812 --- [User-service] [https-jsse-nio-8080-exec-9] [6939675f89d39561f8f3657491e32e4e-13d690f70982891a] t.w.u.c.AuthenticationController         : Login successful for: weewee@admin.com
2025-12-10T17:28:15.681+05:00 DEBUG 43812 --- [User-service] [https-jsse-nio-8080-exec-9] [6939675f89d39561f8f3657491e32e4e-13d690f70982891a] o.s.w.s.m.m.a.HttpEntityMethodProcessor  : Using 'application/json', given [*/*] and supported [application/json, application/*+json, application/yaml]
2025-12-10T17:28:15.681+05:00 DEBUG 43812 --- [User-service] [https-jsse-nio-8080-exec-9] [6939675f89d39561f8f3657491e32e4e-13d690f70982891a] o.s.w.s.m.m.a.HttpEntityMethodProcessor  : Writing [LoginResponse(user=UserResponse(id=d33df2df-fc86-4294-8b4e-5f5b78e48490, email=weewee@admin.com, fir (truncated)...]
2025-12-10T17:28:15.682+05:00 DEBUG 43812 --- [User-service] [https-jsse-nio-8080-exec-9] [6939675f89d39561f8f3657491e32e4e-13d690f70982891a] o.s.web.servlet.DispatcherServlet        : Completed 200 OK
2025-12-10T17:28:28.180+05:00 DEBUG 43812 --- [User-service] [https-jsse-nio-8080-exec-10] [6939676c4d26d08d22363cf8a3dafc30-3ff0fba7464ae438] o.s.security.web.FilterChainProxy        : Securing GET /users
2025-12-10T17:28:28.181+05:00 DEBUG 43812 --- [User-service] [https-jsse-nio-8080-exec-10] [6939676c4d26d08d22363cf8a3dafc30-a3bda70c00549432] t.w.u.config.JwtAuthenticationFilter     : === TOKEN CLEANING DEBUG ===
2025-12-10T17:28:28.182+05:00 DEBUG 43812 --- [User-service] [https-jsse-nio-8080-exec-10] [6939676c4d26d08d22363cf8a3dafc30-a3bda70c00549432] t.w.u.config.JwtAuthenticationFilter     : Original: 'eyJhbGciOiJIUzUxMiJ9.eyJzdWIiOiJkMzNkZjJkZi1mYzg2LTQyOTQtOGI0ZS01ZjViNzhlNDg0OTAiLCJyb2xlIjoiQURNSU4iLCJpYXQiOjE3NjUzNjk2OTUsImV4cCI6MTc2NTM3MzI5NX0.wsK-5lclBKuntzaN9zfm_rO1HjMCN68FT2LBsJE7fWCP1yMWux8zP2VldCRRCQ0l-WUBMLlYhShXyiykRBnPHQ'
2025-12-10T17:28:28.182+05:00 DEBUG 43812 --- [User-service] [https-jsse-nio-8080-exec-10] [6939676c4d26d08d22363cf8a3dafc30-a3bda70c00549432] t.w.u.config.JwtAuthenticationFilter     : Cleaned:  'eyJhbGciOiJIUzUxMiJ9.eyJzdWIiOiJkMzNkZjJkZi1mYzg2LTQyOTQtOGI0ZS01ZjViNzhlNDg0OTAiLCJyb2xlIjoiQURNSU4iLCJpYXQiOjE3NjUzNjk2OTUsImV4cCI6MTc2NTM3MzI5NX0.wsK-5lclBKuntzaN9zfm_rO1HjMCN68FT2LBsJE7fWCP1yMWux8zP2VldCRRCQ0l-WUBMLlYhShXyiykRBnPHQ'
2025-12-10T17:28:28.182+05:00 DEBUG 43812 --- [User-service] [https-jsse-nio-8080-exec-10] [6939676c4d26d08d22363cf8a3dafc30-a3bda70c00549432] t.w.u.config.JwtAuthenticationFilter     : Length: 235 -> 235
2025-12-10T17:28:28.182+05:00 DEBUG 43812 --- [User-service] [https-jsse-nio-8080-exec-10] [6939676c4d26d08d22363cf8a3dafc30-a3bda70c00549432] t.w.u.config.JwtAuthenticationFilter     : Starts with eyJ: true
2025-12-10T17:28:28.182+05:00 DEBUG 43812 --- [User-service] [https-jsse-nio-8080-exec-10] [6939676c4d26d08d22363cf8a3dafc30-a3bda70c00549432] t.w.u.config.JwtAuthenticationFilter     : Processing JWT token for authentication (cleaned): eyJhbGciOiJIUzUxMiJ9.eyJzdWIiO...
2025-12-10T17:28:28.182+05:00 DEBUG 43812 --- [User-service] [https-jsse-nio-8080-exec-10] [6939676c4d26d08d22363cf8a3dafc30-a3bda70c00549432] t.weewee.userservice.security.JwtUtil    : Validating token: eyJhbGciOiJIUzUxMiJ9.eyJzdWIiO...
2025-12-10T17:28:28.184+05:00 DEBUG 43812 --- [User-service] [https-jsse-nio-8080-exec-10] [6939676c4d26d08d22363cf8a3dafc30-a3bda70c00549432] t.weewee.userservice.security.JwtUtil    : Token validation successful
2025-12-10T17:28:28.185+05:00 DEBUG 43812 --- [User-service] [https-jsse-nio-8080-exec-10] [6939676c4d26d08d22363cf8a3dafc30-a3bda70c00549432] t.w.u.config.JwtAuthenticationFilter     : Loading user details for userId: d33df2df-fc86-4294-8b4e-5f5b78e48490
2025-12-10T17:28:28.186+05:00 DEBUG 43812 --- [User-service] [https-jsse-nio-8080-exec-10] [6939676c4d26d08d22363cf8a3dafc30-a3bda70c00549432] org.hibernate.SQL                        : 
    select
        u1_0.id,
        u1_0.created_at,
        u1_0.email,
        u1_0.first_name,
        u1_0.last_name,
        u1_0.password,
        u1_0.phone,
        u1_0.role,
        u1_0.updated_at 
    from
        users u1_0 
    where
        u1_0.id=?
2025-12-10T17:28:28.188+05:00  INFO 43812 --- [User-service] [https-jsse-nio-8080-exec-10] [6939676c4d26d08d22363cf8a3dafc30-a3bda70c00549432] t.w.u.config.JwtAuthenticationFilter     : JWT token validated successfully for user: weewee@admin.com (ID: d33df2df-fc86-4294-8b4e-5f5b78e48490)
2025-12-10T17:28:28.189+05:00 DEBUG 43812 --- [User-service] [https-jsse-nio-8080-exec-10] [6939676c4d26d08d22363cf8a3dafc30-a3bda70c00549432] t.w.u.config.JwtAuthenticationFilter     : Authentication set in SecurityContext for user: weewee@admin.com
2025-12-10T17:28:28.190+05:00 DEBUG 43812 --- [User-service] [https-jsse-nio-8080-exec-10] [6939676c4d26d08d22363cf8a3dafc30-3823b13d80b14388] o.s.security.web.FilterChainProxy        : Secured GET /users
2025-12-10T17:28:28.191+05:00 DEBUG 43812 --- [User-service] [https-jsse-nio-8080-exec-10] [6939676c4d26d08d22363cf8a3dafc30-3823b13d80b14388] o.s.web.servlet.DispatcherServlet        : GET "/users", parameters={}
2025-12-10T17:28:28.191+05:00 DEBUG 43812 --- [User-service] [https-jsse-nio-8080-exec-10] [6939676c4d26d08d22363cf8a3dafc30-3823b13d80b14388] s.w.s.m.m.a.RequestMappingHandlerMapping : Mapped to test.weewee.userservice.controller.UserController#getAllUsers(HttpServletRequest)
2025-12-10T17:28:28.192+05:00 DEBUG 43812 --- [User-service] [https-jsse-nio-8080-exec-10] [6939676c4d26d08d22363cf8a3dafc30-3823b13d80b14388] t.w.u.controller.UserController          : GET /users - get all users
2025-12-10T17:28:28.195+05:00 DEBUG 43812 --- [User-service] [https-jsse-nio-8080-exec-10] [6939676c4d26d08d22363cf8a3dafc30-3823b13d80b14388] t.weewee.userservice.security.JwtUtil    : Validating token: eyJhbGciOiJIUzUxMiJ9.eyJzdWIiO...
2025-12-10T17:28:28.196+05:00 DEBUG 43812 --- [User-service] [https-jsse-nio-8080-exec-10] [6939676c4d26d08d22363cf8a3dafc30-3823b13d80b14388] t.weewee.userservice.security.JwtUtil    : Token validation successful
2025-12-10T17:28:28.199+05:00 DEBUG 43812 --- [User-service] [https-jsse-nio-8080-exec-10] [6939676c4d26d08d22363cf8a3dafc30-3823b13d80b14388] t.w.userservice.service.UserService      : Finding user by ID: d33df2df-fc86-4294-8b4e-5f5b78e48490
2025-12-10T17:28:28.200+05:00 DEBUG 43812 --- [User-service] [https-jsse-nio-8080-exec-10] [6939676c4d26d08d22363cf8a3dafc30-3823b13d80b14388] org.hibernate.SQL                        : 
    select
        u1_0.id,
        u1_0.created_at,
        u1_0.email,
        u1_0.first_name,
        u1_0.last_name,
        u1_0.password,
        u1_0.phone,
        u1_0.role,
        u1_0.updated_at 
    from
        users u1_0 
    where
        u1_0.id=?
2025-12-10T17:28:28.202+05:00 DEBUG 43812 --- [User-service] [https-jsse-nio-8080-exec-10] [6939676c4d26d08d22363cf8a3dafc30-3823b13d80b14388] t.w.userservice.service.UserService      : Getting all users
2025-12-10T17:28:28.203+05:00 DEBUG 43812 --- [User-service] [https-jsse-nio-8080-exec-10] [6939676c4d26d08d22363cf8a3dafc30-3823b13d80b14388] org.hibernate.SQL                        : 
    select
        u1_0.id,
        u1_0.created_at,
        u1_0.email,
        u1_0.first_name,
        u1_0.last_name,
        u1_0.password,
        u1_0.phone,
        u1_0.role,
        u1_0.updated_at 
    from
        users u1_0
2025-12-10T17:28:28.208+05:00  INFO 43812 --- [User-service] [https-jsse-nio-8080-exec-10] [6939676c4d26d08d22363cf8a3dafc30-3823b13d80b14388] t.w.u.controller.UserController          : Retrieved 11 users
2025-12-10T17:28:28.209+05:00 DEBUG 43812 --- [User-service] [https-jsse-nio-8080-exec-10] [6939676c4d26d08d22363cf8a3dafc30-3823b13d80b14388] o.s.w.s.m.m.a.HttpEntityMethodProcessor  : Using 'application/json', given [*/*] and supported [application/json, application/*+json, application/yaml]
2025-12-10T17:28:28.209+05:00 DEBUG 43812 --- [User-service] [https-jsse-nio-8080-exec-10] [6939676c4d26d08d22363cf8a3dafc30-3823b13d80b14388] o.s.w.s.m.m.a.HttpEntityMethodProcessor  : Writing [[UserResponse(id=d33df2df-fc86-4294-8b4e-5f5b78e48490, email=weewee@admin.com, firstName=Admin, last (truncated)...]
2025-12-10T17:28:28.210+05:00 DEBUG 43812 --- [User-service] [https-jsse-nio-8080-exec-10] [6939676c4d26d08d22363cf8a3dafc30-3823b13d80b14388] o.s.web.servlet.DispatcherServlet        : Completed 200 OK
2025-12-10T17:29:36.836+05:00 DEBUG 43812 --- [User-service] [https-jsse-nio-8080-exec-6] [693967b02526a51028755ff9ead8aa65-1fc173ac0da34bb6] o.s.security.web.FilterChainProxy        : Securing POST /auth/register
2025-12-10T17:29:36.838+05:00 DEBUG 43812 --- [User-service] [https-jsse-nio-8080-exec-6] [693967b02526a51028755ff9ead8aa65-43bbe6f3fc56983d] o.s.s.w.a.AnonymousAuthenticationFilter  : Set SecurityContextHolder to anonymous SecurityContext
2025-12-10T17:29:36.839+05:00 DEBUG 43812 --- [User-service] [https-jsse-nio-8080-exec-6] [693967b02526a51028755ff9ead8aa65-d691e198214ec9d3] o.s.security.web.FilterChainProxy        : Secured POST /auth/register
2025-12-10T17:29:36.839+05:00 DEBUG 43812 --- [User-service] [https-jsse-nio-8080-exec-6] [693967b02526a51028755ff9ead8aa65-d691e198214ec9d3] o.s.web.servlet.DispatcherServlet        : POST "/auth/register", parameters={}
2025-12-10T17:29:36.839+05:00 DEBUG 43812 --- [User-service] [https-jsse-nio-8080-exec-6] [693967b02526a51028755ff9ead8aa65-d691e198214ec9d3] s.w.s.m.m.a.RequestMappingHandlerMapping : Mapped to test.weewee.userservice.controller.AuthenticationController#register(RegisterRequest)
2025-12-10T17:29:36.850+05:00 DEBUG 43812 --- [User-service] [https-jsse-nio-8080-exec-6] [693967b02526a51028755ff9ead8aa65-d691e198214ec9d3] m.m.a.RequestResponseBodyMethodProcessor : Read "application/json;charset=UTF-8" to [RegisterRequest(email=boga3333@gmail.com, password=Password123!, firstName=Иван, lastName=122, phone (truncated)...]
2025-12-10T17:29:36.865+05:00 DEBUG 43812 --- [User-service] [https-jsse-nio-8080-exec-6] [693967b02526a51028755ff9ead8aa65-d691e198214ec9d3] .m.m.a.ExceptionHandlerExceptionResolver : Using @ExceptionHandler test.weewee.userservice.exception.GlobalExceptionHandler#handleValidationExceptions(MethodArgumentNotValidException)
2025-12-10T17:29:36.866+05:00  WARN 43812 --- [User-service] [https-jsse-nio-8080-exec-6] [693967b02526a51028755ff9ead8aa65-d691e198214ec9d3] t.w.u.exception.GlobalExceptionHandler   : Validation errors found: {lastName=Фамилия должна содержать только кириллицу, от 2 до 40 символов, начинаться с заглавной буквы. Разрешён дефис (например, Смирнов-Петров)}
2025-12-10T17:29:36.868+05:00 DEBUG 43812 --- [User-service] [https-jsse-nio-8080-exec-6] [693967b02526a51028755ff9ead8aa65-d691e198214ec9d3] o.s.w.s.m.m.a.HttpEntityMethodProcessor  : Using 'application/json', given [*/*] and supported [application/json, application/*+json, application/yaml]
2025-12-10T17:29:36.868+05:00 DEBUG 43812 --- [User-service] [https-jsse-nio-8080-exec-6] [693967b02526a51028755ff9ead8aa65-d691e198214ec9d3] o.s.w.s.m.m.a.HttpEntityMethodProcessor  : Writing [ErrorResponse(message=Ошибка валидации, errors={lastName=Фамилия должна содержать только кириллицу,  (truncated)...]
2025-12-10T17:29:36.869+05:00 DEBUG 43812 --- [User-service] [https-jsse-nio-8080-exec-6] [693967b02526a51028755ff9ead8aa65-d691e198214ec9d3] .m.m.a.ExceptionHandlerExceptionResolver : Resolved [org.springframework.web.bind.MethodArgumentNotValidException: Validation failed for argument [0] in public org.springframework.http.ResponseEntity<?> test.weewee.userservice.controller.AuthenticationController.register(test.weewee.userservice.dto.RegisterRequest): [Field error in object 'registerRequest' on field 'lastName': rejected value [122]; codes [ValidLastName.registerRequest.lastName,ValidLastName.lastName,ValidLastName.java.lang.String,ValidLastName]; arguments [org.springframework.context.support.DefaultMessageSourceResolvable: codes [registerRequest.lastName,lastName]; arguments []; default message [lastName]]; default message [Фамилия должна содержать только кириллицу, от 2 до 40 символов, начинаться с заглавной буквы. Разрешён дефис (например, Смирнов-Петров)]] ]
2025-12-10T17:29:36.870+05:00 DEBUG 43812 --- [User-service] [https-jsse-nio-8080-exec-6] [693967b02526a51028755ff9ead8aa65-d691e198214ec9d3] o.s.web.servlet.DispatcherServlet        : Completed 400 BAD_REQUEST
2025-12-10T17:48:30.122+05:00  INFO 43812 --- [User-service] [SpringApplicationShutdownHook] [                                                 ] o.s.b.w.e.tomcat.GracefulShutdown        : Commencing graceful shutdown. Waiting for active requests to complete
2025-12-10T17:48:30.126+05:00  INFO 43812 --- [User-service] [tomcat-shutdown] [                                                 ] o.s.b.w.e.tomcat.GracefulShutdown        : Graceful shutdown complete
2025-12-10T17:48:30.140+05:00  INFO 43812 --- [User-service] [SpringApplicationShutdownHook] [                                                 ] j.LocalContainerEntityManagerFactoryBean : Closing JPA EntityManagerFactory for persistence unit 'default'
2025-12-10T17:48:30.143+05:00  INFO 43812 --- [User-service] [SpringApplicationShutdownHook] [                                                 ] com.zaxxer.hikari.HikariDataSource       : HikariPool-1 - Shutdown initiated...
2025-12-10T17:48:30.145+05:00  INFO 43812 --- [User-service] [SpringApplicationShutdownHook] [                                                 ] com.zaxxer.hikari.HikariDataSource       : HikariPool-1 - Shutdown completed.
2025-12-10T18:11:59.454+05:00  INFO 48083 --- [User-service] [main] [                                                 ] t.w.u.UserServiceApplicationTests        : Starting UserServiceApplicationTests using Java 25.0.1 with PID 48083 (started by germancerkasov in /Users/germancerkasov/Downloads/user-service-main)
2025-12-10T18:11:59.455+05:00 DEBUG 48083 --- [User-service] [main] [                                                 ] t.w.u.UserServiceApplicationTests        : Running with Spring Boot v3.5.7, Spring v6.2.12
2025-12-10T18:11:59.455+05:00  INFO 48083 --- [User-service] [main] [                                                 ] t.w.u.UserServiceApplicationTests        : No active profile set, falling back to 1 default profile: "default"
2025-12-10T18:11:59.466+05:00 DEBUG 48083 --- [User-service] [main] [                                                 ] o.s.w.c.s.GenericWebApplicationContext   : Refreshing org.springframework.web.context.support.GenericWebApplicationContext@7c891ba7
2025-12-10T18:11:59.838+05:00  INFO 48083 --- [User-service] [main] [                                                 ] .s.d.r.c.RepositoryConfigurationDelegate : Bootstrapping Spring Data JPA repositories in DEFAULT mode.
2025-12-10T18:11:59.858+05:00  INFO 48083 --- [User-service] [main] [                                                 ] .s.d.r.c.RepositoryConfigurationDelegate : Finished Spring Data repository scanning in 16 ms. Found 1 JPA repository interface.
2025-12-10T18:12:00.055+05:00  INFO 48083 --- [User-service] [main] [                                                 ] o.hibernate.jpa.internal.util.LogHelper  : HHH000204: Processing PersistenceUnitInfo [name: default]
2025-12-10T18:12:00.079+05:00  INFO 48083 --- [User-service] [main] [                                                 ] org.hibernate.Version                    : HHH000412: Hibernate ORM core version 6.6.33.Final
2025-12-10T18:12:00.092+05:00  INFO 48083 --- [User-service] [main] [                                                 ] o.h.c.internal.RegionFactoryInitiator    : HHH000026: Second-level cache disabled
2025-12-10T18:12:00.184+05:00  INFO 48083 --- [User-service] [main] [                                                 ] o.s.o.j.p.SpringPersistenceUnitInfo      : No LoadTimeWeaver setup: ignoring JPA class transformer
2025-12-10T18:12:00.194+05:00  INFO 48083 --- [User-service] [main] [                                                 ] com.zaxxer.hikari.HikariDataSource       : HikariPool-1 - Starting...
2025-12-10T18:12:00.278+05:00  INFO 48083 --- [User-service] [main] [                                                 ] com.zaxxer.hikari.pool.HikariPool        : HikariPool-1 - Added connection org.postgresql.jdbc.PgConnection@4bab804f
2025-12-10T18:12:00.279+05:00  INFO 48083 --- [User-service] [main] [                                                 ] com.zaxxer.hikari.HikariDataSource       : HikariPool-1 - Start completed.
2025-12-10T18:12:00.294+05:00  WARN 48083 --- [User-service] [main] [                                                 ] org.hibernate.orm.deprecation            : HHH90000025: PostgreSQLDialect does not need to be specified explicitly using 'hibernate.dialect' (remove the property setting and it will be selected by default)
2025-12-10T18:12:00.301+05:00  INFO 48083 --- [User-service] [main] [                                                 ] org.hibernate.orm.connections.pooling    : HHH10001005: Database info:
	Database JDBC URL [Connecting through datasource 'HikariDataSource (HikariPool-1)']
	Database driver: undefined/unknown
	Database version: 15.14
	Autocommit mode: undefined/unknown
	Isolation level: undefined/unknown
	Minimum pool size: undefined/unknown
	Maximum pool size: undefined/unknown
2025-12-10T18:12:00.598+05:00  INFO 48083 --- [User-service] [main] [                                                 ] o.h.e.t.j.p.i.JtaPlatformInitiator       : HHH000489: No JTA platform available (set 'hibernate.transaction.jta.platform' to enable JTA platform integration)
2025-12-10T18:12:00.631+05:00  INFO 48083 --- [User-service] [main] [                                                 ] j.LocalContainerEntityManagerFactoryBean : Initialized JPA EntityManagerFactory for persistence unit 'default'
2025-12-10T18:12:00.761+05:00  WARN 48083 --- [User-service] [main] [                                                 ] JpaBaseConfiguration$JpaWebConfiguration : spring.jpa.open-in-view is enabled by default. Therefore, database queries may be performed during view rendering. Explicitly configure spring.jpa.open-in-view to disable this warning
2025-12-10T18:12:00.805+05:00 DEBUG 48083 --- [User-service] [main] [                                                 ] .m.m.a.ExceptionHandlerExceptionResolver : ControllerAdvice beans: 2 @ExceptionHandler, 1 ResponseBodyAdvice
2025-12-10T18:12:00.824+05:00  INFO 48083 --- [User-service] [main] [                                                 ] eAuthenticationProviderManagerConfigurer : Global AuthenticationManager configured with AuthenticationProvider bean with name authenticationProvider
2025-12-10T18:12:00.825+05:00  WARN 48083 --- [User-service] [main] [                                                 ] r$InitializeUserDetailsManagerConfigurer : Global AuthenticationManager configured with an AuthenticationProvider bean. UserDetailsService beans will not be used by Spring Security for automatically configuring username/password login. Consider removing the AuthenticationProvider bean. Alternatively, consider using the UserDetailsService in a manually instantiated DaoAuthenticationProvider. If the current configuration is intentional, to turn off this warning, increase the logging level of 'org.springframework.security.config.annotation.authentication.configuration.InitializeUserDetailsBeanManagerConfigurer' to ERROR
2025-12-10T18:12:01.010+05:00 DEBUG 48083 --- [User-service] [main] [                                                 ] s.w.s.m.m.a.RequestMappingHandlerMapping : 19 mappings in 'requestMappingHandlerMapping'
2025-12-10T18:12:01.027+05:00 DEBUG 48083 --- [User-service] [main] [                                                 ] o.s.w.s.handler.SimpleUrlHandlerMapping  : Patterns [/webjars/**, /**, /swagger-ui*/*swagger-initializer.js, /swagger-ui*/**] in 'resourceHandlerMapping'
2025-12-10T18:12:01.067+05:00  INFO 48083 --- [User-service] [main] [                                                 ] o.s.b.a.e.web.EndpointLinksResolver      : Exposing 2 endpoints beneath base path '/actuator'
2025-12-10T18:12:01.104+05:00 DEBUG 48083 --- [User-service] [main] [                                                 ] o.s.s.web.DefaultSecurityFilterChain     : Will secure any request with filters: DisableEncodeUrlFilter, WebAsyncManagerIntegrationFilter, SecurityContextHolderFilter, HeaderWriterFilter, LogoutFilter, JwtAuthenticationFilter, RequestCacheAwareFilter, SecurityContextHolderAwareRequestFilter, AnonymousAuthenticationFilter, SessionManagementFilter, ExceptionTranslationFilter, AuthorizationFilter
2025-12-10T18:12:01.144+05:00 DEBUG 48083 --- [User-service] [main] [                                                 ] s.w.s.m.m.a.RequestMappingHandlerAdapter : ControllerAdvice beans: 0 @ModelAttribute, 0 @InitBinder, 1 RequestBodyAdvice, 1 ResponseBodyAdvice
2025-12-10T18:12:01.286+05:00  INFO 48083 --- [User-service] [main] [                                                 ] t.w.u.UserServiceApplicationTests        : Started UserServiceApplicationTests in 1.928 seconds (process running for 2.549)
2025-12-10T18:12:01.669+05:00 DEBUG 48083 --- [User-service] [main] [                                                 ] t.w.userservice.service.UserService      : Getting all users
2025-12-10T18:12:01.677+05:00 DEBUG 48083 --- [User-service] [main] [                                                 ] t.w.userservice.service.UserService      : Deleting user by email: nonexistent@example.com
2025-12-10T18:12:01.680+05:00 DEBUG 48083 --- [User-service] [main] [                                                 ] t.w.userservice.service.UserService      : Finding user by phone: +79123456789
2025-12-10T18:12:01.683+05:00 DEBUG 48083 --- [User-service] [main] [                                                 ] t.w.userservice.service.UserService      : Deleting user by ID: 4e784289-c0ff-4f91-bf4e-1b58a0504a41
2025-12-10T18:12:01.683+05:00  INFO 48083 --- [User-service] [main] [                                                 ] t.w.userservice.service.UserService      : User deleted successfully with ID: 4e784289-c0ff-4f91-bf4e-1b58a0504a41
2025-12-10T18:12:01.685+05:00 DEBUG 48083 --- [User-service] [main] [                                                 ] t.w.userservice.service.UserService      : Creating new user: test@example.com
2025-12-10T18:12:01.685+05:00  INFO 48083 --- [User-service] [main] [                                                 ] t.w.userservice.service.UserService      : User created with ID: fdd28c0c-d7b0-4754-9aa5-2f23c023215a
2025-12-10T18:12:01.687+05:00 DEBUG 48083 --- [User-service] [main] [                                                 ] t.w.userservice.service.UserService      : Deleting user by phone: +79999999999
2025-12-10T18:12:01.689+05:00 DEBUG 48083 --- [User-service] [main] [                                                 ] t.w.userservice.service.UserService      : Finding user by email: test@example.com
2025-12-10T18:12:01.691+05:00 DEBUG 48083 --- [User-service] [main] [                                                 ] t.w.userservice.service.UserService      : Checking if email exists: nonexistent@example.com
2025-12-10T18:12:01.693+05:00 DEBUG 48083 --- [User-service] [main] [                                                 ] t.w.userservice.service.UserService      : Deleting user by ID: bf6b3b4d-aa81-4590-8371-43394d5719b4
2025-12-10T18:12:01.694+05:00 DEBUG 48083 --- [User-service] [main] [                                                 ] t.w.userservice.service.UserService      : Deleting user by phone: +79123456789
2025-12-10T18:12:01.694+05:00  INFO 48083 --- [User-service] [main] [                                                 ] t.w.userservice.service.UserService      : User deleted successfully with phone: +79123456789
2025-12-10T18:12:01.696+05:00 DEBUG 48083 --- [User-service] [main] [                                                 ] t.w.userservice.service.UserService      : Getting all users
2025-12-10T18:12:01.697+05:00 DEBUG 48083 --- [User-service] [main] [                                                 ] t.w.userservice.service.UserService      : Checking if email exists: test@example.com
2025-12-10T18:12:01.698+05:00 DEBUG 48083 --- [User-service] [main] [                                                 ] t.w.userservice.service.UserService      : Finding user by email: nonexistent@example.com
2025-12-10T18:12:01.700+05:00 DEBUG 48083 --- [User-service] [main] [                                                 ] t.w.userservice.service.UserService      : Finding user by ID: 787ffac7-5956-4446-8245-6799e17f3b92
2025-12-10T18:12:01.701+05:00 DEBUG 48083 --- [User-service] [main] [                                                 ] t.w.userservice.service.UserService      : Finding user by ID: 38ed8059-a5aa-4d62-960c-7c612d3ff16c
2025-12-10T18:12:01.702+05:00 DEBUG 48083 --- [User-service] [main] [                                                 ] t.w.userservice.service.UserService      : Finding user by phone: +79999999999
2025-12-10T18:12:01.704+05:00 DEBUG 48083 --- [User-service] [main] [                                                 ] t.w.userservice.service.UserService      : Deleting user by email: test@example.com
2025-12-10T18:12:01.704+05:00  INFO 48083 --- [User-service] [main] [                                                 ] t.w.userservice.service.UserService      : User deleted successfully with email: test@example.com
2025-12-10T18:12:01.747+05:00  INFO 48083 --- [User-service] [main] [                                                 ] t.w.u.service.AuthenticationService      : Authentication attempt for user: test@example.com
2025-12-10T18:12:01.747+05:00  WARN 48083 --- [User-service] [main] [                                                 ] t.w.u.service.AuthenticationService      : Authentication failed - user not found: test@example.com
2025-12-10T18:12:01.749+05:00 DEBUG 48083 --- [User-service] [main] [                                                 ] t.w.u.service.AuthenticationService      : Getting current user: nonexistent@example.com
2025-12-10T18:12:01.750+05:00  WARN 48083 --- [User-service] [main] [                                                 ] t.w.u.service.AuthenticationService      : User not found: nonexistent@example.com
2025-12-10T18:12:01.752+05:00  INFO 48083 --- [User-service] [main] [                                                 ] t.w.u.service.AuthenticationService      : Password reset attempt for: test@example.com
2025-12-10T18:12:01.752+05:00  INFO 48083 --- [User-service] [main] [                                                 ] t.w.u.service.AuthenticationService      : Password successfully reset for: test@example.com
2025-12-10T18:12:01.754+05:00  INFO 48083 --- [User-service] [main] [                                                 ] t.w.u.service.AuthenticationService      : Update user attempt for: test@example.com
2025-12-10T18:12:01.756+05:00  INFO 48083 --- [User-service] [main] [                                                 ] t.w.u.service.AuthenticationService      : Logout request for user: nonexistent@example.com
2025-12-10T18:12:01.756+05:00  WARN 48083 --- [User-service] [main] [                                                 ] t.w.u.service.AuthenticationService      : Logout failed - user not found: nonexistent@example.com
2025-12-10T18:12:01.757+05:00  INFO 48083 --- [User-service] [main] [                                                 ] t.w.u.service.AuthenticationService      : Password reset attempt for: nonexistent@example.com
2025-12-10T18:12:01.758+05:00  WARN 48083 --- [User-service] [main] [                                                 ] t.w.u.service.AuthenticationService      : Password reset failed - user not found: nonexistent@example.com
2025-12-10T18:12:01.759+05:00 DEBUG 48083 --- [User-service] [main] [                                                 ] t.w.u.service.AuthenticationService      : Getting current user: test@example.com
2025-12-10T18:12:01.760+05:00  INFO 48083 --- [User-service] [main] [                                                 ] t.w.u.service.AuthenticationService      : Refresh token attempt
2025-12-10T18:12:01.760+05:00 DEBUG 48083 --- [User-service] [main] [                                                 ] t.w.u.service.AuthenticationService      : Extracted user ID from refresh token: 3eb76a02-02eb-48c2-a522-63b8b62ce798
2025-12-10T18:12:01.760+05:00  INFO 48083 --- [User-service] [main] [                                                 ] t.w.u.service.AuthenticationService      : Refresh token successful for user: test@example.com
2025-12-10T18:12:01.762+05:00  INFO 48083 --- [User-service] [main] [                                                 ] t.w.u.service.AuthenticationService      : Update user attempt for: test@example.com
2025-12-10T18:12:01.762+05:00 DEBUG 48083 --- [User-service] [main] [                                                 ] t.w.u.service.AuthenticationService      : Password not provided, keeping existing one for user: test@example.com
2025-12-10T18:12:01.762+05:00  INFO 48083 --- [User-service] [main] [                                                 ] t.w.u.service.AuthenticationService      : User updated successfully: test@example.com
2025-12-10T18:12:01.763+05:00  INFO 48083 --- [User-service] [main] [                                                 ] t.w.u.service.AuthenticationService      : Logout request for user: test@example.com
2025-12-10T18:12:01.764+05:00  INFO 48083 --- [User-service] [main] [                                                 ] t.w.u.service.AuthenticationService      : Successful logout for user: test@example.com
2025-12-10T18:12:01.765+05:00  INFO 48083 --- [User-service] [main] [                                                 ] t.w.u.service.AuthenticationService      : Attempting to sign up user with email: newuser@example.com and phone: +79001234567
2025-12-10T18:12:01.765+05:00  WARN 48083 --- [User-service] [main] [                                                 ] t.w.u.service.AuthenticationService      : Signup failed - email already exists: newuser@example.com
2025-12-10T18:12:01.766+05:00  INFO 48083 --- [User-service] [main] [                                                 ] t.w.u.service.AuthenticationService      : Refresh token attempt
2025-12-10T18:12:01.766+05:00  WARN 48083 --- [User-service] [main] [                                                 ] t.w.u.service.AuthenticationService      : Refresh token attempt failed - token is null
2025-12-10T18:12:01.767+05:00  INFO 48083 --- [User-service] [main] [                                                 ] t.w.u.service.AuthenticationService      : Refresh token attempt
2025-12-10T18:12:01.767+05:00 DEBUG 48083 --- [User-service] [main] [                                                 ] t.w.u.service.AuthenticationService      : Extracted user ID from refresh token: ff1efad8-b172-4b31-ab6e-fe965af49fad
2025-12-10T18:12:01.767+05:00  WARN 48083 --- [User-service] [main] [                                                 ] t.w.u.service.AuthenticationService      : Refresh token attempt failed - user not found by ID: ff1efad8-b172-4b31-ab6e-fe965af49fad
2025-12-10T18:12:01.768+05:00  INFO 48083 --- [User-service] [main] [                                                 ] t.w.u.service.AuthenticationService      : Update user attempt for: test@example.com
2025-12-10T18:12:01.774+05:00  INFO 48083 --- [User-service] [main] [                                                 ] t.w.u.service.AuthenticationService      : Authentication attempt for user: test@example.com
2025-12-10T18:12:01.775+05:00 DEBUG 48083 --- [User-service] [main] [                                                 ] t.w.u.service.AuthenticationService      : Spring Security authentication successful for: test@example.com
2025-12-10T18:12:01.775+05:00  INFO 48083 --- [User-service] [main] [                                                 ] t.w.u.service.AuthenticationService      : Successful authentication for user: test@example.com
2025-12-10T18:12:01.777+05:00  INFO 48083 --- [User-service] [main] [                                                 ] t.w.u.service.AuthenticationService      : Authentication attempt for user: test@example.com
2025-12-10T18:12:01.777+05:00 ERROR 48083 --- [User-service] [main] [                                                 ] t.w.u.service.AuthenticationService      : Spring Security authentication failed for: test@example.com

org.springframework.security.authentication.BadCredentialsException: Bad credentials
	at test.weewee.userservice.service.AuthenticationService.authenticate(AuthenticationService.java:71) ~[classes/:na]
	at test.weewee.userservice.service.AuthenticationServiceTest.lambda$4(AuthenticationServiceTest.java:195) ~[test-classes/:na]
	at org.junit.jupiter.api.AssertThrows.assertThrows(AssertThrows.java:53) ~[junit-jupiter-api-5.12.2.jar:5.12.2]
	at org.junit.jupiter.api.AssertThrows.assertThrows(AssertThrows.java:35) ~[junit-jupiter-api-5.12.2.jar:5.12.2]
	at org.junit.jupiter.api.Assertions.assertThrows(Assertions.java:3128) ~[junit-jupiter-api-5.12.2.jar:5.12.2]
	at test.weewee.userservice.service.AuthenticationServiceTest.authenticate_InvalidPassword_ShouldThrowAuthException(AuthenticationServiceTest.java:194) ~[test-classes/:na]
	at java.base/jdk.internal.reflect.DirectMethodHandleAccessor.invoke(DirectMethodHandleAccessor.java:104) ~[na:na]
	at java.base/java.lang.reflect.Method.invoke(Method.java:565) ~[na:na]
	at org.junit.platform.commons.util.ReflectionUtils.invokeMethod(ReflectionUtils.java:775) ~[junit-platform-commons-1.12.2.jar:1.12.2]
	at org.junit.platform.commons.support.ReflectionSupport.invokeMethod(ReflectionSupport.java:479) ~[junit-platform-commons-1.12.2.jar:1.12.2]
	at org.junit.jupiter.engine.execution.MethodInvocation.proceed(MethodInvocation.java:60) ~[junit-jupiter-engine-5.12.2.jar:5.12.2]
	at org.junit.jupiter.engine.execution.InvocationInterceptorChain$ValidatingInvocation.proceed(InvocationInterceptorChain.java:131) ~[junit-jupiter-engine-5.12.2.jar:5.12.2]
	at org.junit.jupiter.engine.extension.TimeoutExtension.intercept(TimeoutExtension.java:161) ~[junit-jupiter-engine-5.12.2.jar:5.12.2]
	at org.junit.jupiter.engine.extension.TimeoutExtension.interceptTestableMethod(TimeoutExtension.java:152) ~[junit-jupiter-engine-5.12.2.jar:5.12.2]
	at org.junit.jupiter.engine.extension.TimeoutExtension.interceptTestMethod(TimeoutExtension.java:91) ~[junit-jupiter-engine-5.12.2.jar:5.12.2]
	at org.junit.jupiter.engine.execution.InterceptingExecutableInvoker$ReflectiveInterceptorCall.lambda$ofVoidMethod$0(InterceptingExecutableInvoker.java:112) ~[junit-jupiter-engine-5.12.2.jar:5.12.2]
	at org.junit.jupiter.engine.execution.InterceptingExecutableInvoker.lambda$invoke$0(InterceptingExecutableInvoker.java:94) ~[junit-jupiter-engine-5.12.2.jar:5.12.2]
	at org.junit.jupiter.engine.execution.InvocationInterceptorChain$InterceptedInvocation.proceed(InvocationInterceptorChain.java:106) ~[junit-jupiter-engine-5.12.2.jar:5.12.2]
	at org.junit.jupiter.engine.execution.InvocationInterceptorChain.proceed(InvocationInterceptorChain.java:64) ~[junit-jupiter-engine-5.12.2.jar:5.12.2]
	at org.junit.jupiter.engine.execution.InvocationInterceptorChain.chainAndInvoke(InvocationInterceptorChain.java:45) ~[junit-jupiter-engine-5.12.2.jar:5.12.2]
	at org.junit.jupiter.engine.execution.InvocationInterceptorChain.invoke(InvocationInterceptorChain.java:37) ~[junit-jupiter-engine-5.12.2.jar:5.12.2]
	at org.junit.jupiter.engine.execution.InterceptingExecutableInvoker.invoke(InterceptingExecutableInvoker.java:93) ~[junit-jupiter-engine-5.12.2.jar:5.12.2]
	at org.junit.jupiter.engine.execution.InterceptingExecutableInvoker.invoke(InterceptingExecutableInvoker.java:87) ~[junit-jupiter-engine-5.12.2.jar:5.12.2]
	at org.junit.jupiter.engine.descriptor.TestMethodTestDescriptor.lambda$invokeTestMethod$7(TestMethodTestDescriptor.java:216) ~[junit-jupiter-engine-5.12.2.jar:5.12.2]
	at org.junit.platform.engine.support.hierarchical.ThrowableCollector.execute(ThrowableCollector.java:73) ~[junit-platform-engine-1.12.2.jar:1.12.2]
	at org.junit.jupiter.engine.descriptor.TestMethodTestDescriptor.invokeTestMethod(TestMethodTestDescriptor.java:212) ~[junit-jupiter-engine-5.12.2.jar:5.12.2]
	at org.junit.jupiter.engine.descriptor.TestMethodTestDescriptor.execute(TestMethodTestDescriptor.java:137) ~[junit-jupiter-engine-5.12.2.jar:5.12.2]
	at org.junit.jupiter.engine.descriptor.TestMethodTestDescriptor.execute(TestMethodTestDescriptor.java:69) ~[junit-jupiter-engine-5.12.2.jar:5.12.2]
	at org.junit.platform.engine.support.hierarchical.NodeTestTask.lambda$executeRecursively$6(NodeTestTask.java:156) ~[junit-platform-engine-1.12.2.jar:1.12.2]
	at org.junit.platform.engine.support.hierarchical.ThrowableCollector.execute(ThrowableCollector.java:73) ~[junit-platform-engine-1.12.2.jar:1.12.2]
	at org.junit.platform.engine.support.hierarchical.NodeTestTask.lambda$executeRecursively$8(NodeTestTask.java:146) ~[junit-platform-engine-1.12.2.jar:1.12.2]
	at org.junit.platform.engine.support.hierarchical.Node.around(Node.java:137) ~[junit-platform-engine-1.12.2.jar:1.12.2]
	at org.junit.platform.engine.support.hierarchical.NodeTestTask.lambda$executeRecursively$9(NodeTestTask.java:144) ~[junit-platform-engine-1.12.2.jar:1.12.2]
	at org.junit.platform.engine.support.hierarchical.ThrowableCollector.execute(ThrowableCollector.java:73) ~[junit-platform-engine-1.12.2.jar:1.12.2]
	at org.junit.platform.engine.support.hierarchical.NodeTestTask.executeRecursively(NodeTestTask.java:143) ~[junit-platform-engine-1.12.2.jar:1.12.2]
	at org.junit.platform.engine.support.hierarchical.NodeTestTask.execute(NodeTestTask.java:100) ~[junit-platform-engine-1.12.2.jar:1.12.2]
	at java.base/java.util.ArrayList.forEach(ArrayList.java:1604) ~[na:na]
	at org.junit.platform.engine.support.hierarchical.SameThreadHierarchicalTestExecutorService.invokeAll(SameThreadHierarchicalTestExecutorService.java:41) ~[junit-platform-engine-1.12.2.jar:1.12.2]
	at org.junit.platform.engine.support.hierarchical.NodeTestTask.lambda$executeRecursively$6(NodeTestTask.java:160) ~[junit-platform-engine-1.12.2.jar:1.12.2]
	at org.junit.platform.engine.support.hierarchical.ThrowableCollector.execute(ThrowableCollector.java:73) ~[junit-platform-engine-1.12.2.jar:1.12.2]
	at org.junit.platform.engine.support.hierarchical.NodeTestTask.lambda$executeRecursively$8(NodeTestTask.java:146) ~[junit-platform-engine-1.12.2.jar:1.12.2]
	at org.junit.platform.engine.support.hierarchical.Node.around(Node.java:137) ~[junit-platform-engine-1.12.2.jar:1.12.2]
	at org.junit.platform.engine.support.hierarchical.NodeTestTask.lambda$executeRecursively$9(NodeTestTask.java:144) ~[junit-platform-engine-1.12.2.jar:1.12.2]
	at org.junit.platform.engine.support.hierarchical.ThrowableCollector.execute(ThrowableCollector.java:73) ~[junit-platform-engine-1.12.2.jar:1.12.2]
	at org.junit.platform.engine.support.hierarchical.NodeTestTask.executeRecursively(NodeTestTask.java:143) ~[junit-platform-engine-1.12.2.jar:1.12.2]
	at org.junit.platform.engine.support.hierarchical.NodeTestTask.execute(NodeTestTask.java:100) ~[junit-platform-engine-1.12.2.jar:1.12.2]
	at java.base/java.util.ArrayList.forEach(ArrayList.java:1604) ~[na:na]
	at org.junit.platform.engine.support.hierarchical.SameThreadHierarchicalTestExecutorService.invokeAll(SameThreadHierarchicalTestExecutorService.java:41) ~[junit-platform-engine-1.12.2.jar:1.12.2]
	at org.junit.platform.engine.support.hierarchical.NodeTestTask.lambda$executeRecursively$6(NodeTestTask.java:160) ~[junit-platform-engine-1.12.2.jar:1.12.2]
	at org.junit.platform.engine.support.hierarchical.ThrowableCollector.execute(ThrowableCollector.java:73) ~[junit-platform-engine-1.12.2.jar:1.12.2]
	at org.junit.platform.engine.support.hierarchical.NodeTestTask.lambda$executeRecursively$8(NodeTestTask.java:146) ~[junit-platform-engine-1.12.2.jar:1.12.2]
	at org.junit.platform.engine.support.hierarchical.Node.around(Node.java:137) ~[junit-platform-engine-1.12.2.jar:1.12.2]
	at org.junit.platform.engine.support.hierarchical.NodeTestTask.lambda$executeRecursively$9(NodeTestTask.java:144) ~[junit-platform-engine-1.12.2.jar:1.12.2]
	at org.junit.platform.engine.support.hierarchical.ThrowableCollector.execute(ThrowableCollector.java:73) ~[junit-platform-engine-1.12.2.jar:1.12.2]
	at org.junit.platform.engine.support.hierarchical.NodeTestTask.executeRecursively(NodeTestTask.java:143) ~[junit-platform-engine-1.12.2.jar:1.12.2]
	at org.junit.platform.engine.support.hierarchical.NodeTestTask.execute(NodeTestTask.java:100) ~[junit-platform-engine-1.12.2.jar:1.12.2]
	at org.junit.platform.engine.support.hierarchical.SameThreadHierarchicalTestExecutorService.submit(SameThreadHierarchicalTestExecutorService.java:35) ~[junit-platform-engine-1.12.2.jar:1.12.2]
	at org.junit.platform.engine.support.hierarchical.HierarchicalTestExecutor.execute(HierarchicalTestExecutor.java:57) ~[junit-platform-engine-1.12.2.jar:1.12.2]
	at org.junit.platform.engine.support.hierarchical.HierarchicalTestEngine.execute(HierarchicalTestEngine.java:54) ~[junit-platform-engine-1.12.2.jar:1.12.2]
	at org.junit.platform.launcher.core.EngineExecutionOrchestrator.execute(EngineExecutionOrchestrator.java:201) ~[junit-platform-launcher-1.12.2.jar:1.12.2]
	at org.junit.platform.launcher.core.EngineExecutionOrchestrator.execute(EngineExecutionOrchestrator.java:170) ~[junit-platform-launcher-1.12.2.jar:1.12.2]
	at org.junit.platform.launcher.core.EngineExecutionOrchestrator.execute(EngineExecutionOrchestrator.java:94) ~[junit-platform-launcher-1.12.2.jar:1.12.2]
	at org.junit.platform.launcher.core.EngineExecutionOrchestrator.lambda$execute$0(EngineExecutionOrchestrator.java:59) ~[junit-platform-launcher-1.12.2.jar:1.12.2]
	at org.junit.platform.launcher.core.EngineExecutionOrchestrator.withInterceptedStreams(EngineExecutionOrchestrator.java:142) ~[junit-platform-launcher-1.12.2.jar:1.12.2]
	at org.junit.platform.launcher.core.EngineExecutionOrchestrator.execute(EngineExecutionOrchestrator.java:58) ~[junit-platform-launcher-1.12.2.jar:1.12.2]
	at org.junit.platform.launcher.core.DefaultLauncher.execute(DefaultLauncher.java:103) ~[junit-platform-launcher-1.12.2.jar:1.12.2]
	at org.junit.platform.launcher.core.DefaultLauncher.execute(DefaultLauncher.java:85) ~[junit-platform-launcher-1.12.2.jar:1.12.2]
	at org.junit.platform.launcher.core.DelegatingLauncher.execute(DelegatingLauncher.java:47) ~[junit-platform-launcher-1.12.2.jar:1.12.2]
	at org.junit.platform.launcher.core.InterceptingLauncher.lambda$execute$1(InterceptingLauncher.java:39) ~[junit-platform-launcher-1.12.2.jar:1.12.2]
	at org.junit.platform.launcher.core.ClasspathAlignmentCheckingLauncherInterceptor.intercept(ClasspathAlignmentCheckingLauncherInterceptor.java:25) ~[junit-platform-launcher-1.12.2.jar:1.12.2]
	at org.junit.platform.launcher.core.InterceptingLauncher.execute(InterceptingLauncher.java:38) ~[junit-platform-launcher-1.12.2.jar:1.12.2]
	at org.junit.platform.launcher.core.DelegatingLauncher.execute(DelegatingLauncher.java:47) ~[junit-platform-launcher-1.12.2.jar:1.12.2]
	at org.apache.maven.surefire.junitplatform.LauncherAdapter.executeWithoutCancellationToken(LauncherAdapter.java:60) ~[surefire-junit-platform-3.5.4.jar:3.5.4]
	at org.apache.maven.surefire.junitplatform.LauncherAdapter.execute(LauncherAdapter.java:52) ~[surefire-junit-platform-3.5.4.jar:3.5.4]
	at org.apache.maven.surefire.junitplatform.JUnitPlatformProvider.execute(JUnitPlatformProvider.java:203) ~[surefire-junit-platform-3.5.4.jar:3.5.4]
	at org.apache.maven.surefire.junitplatform.JUnitPlatformProvider.invokeAllTests(JUnitPlatformProvider.java:168) ~[surefire-junit-platform-3.5.4.jar:3.5.4]
	at org.apache.maven.surefire.junitplatform.JUnitPlatformProvider.invoke(JUnitPlatformProvider.java:136) ~[surefire-junit-platform-3.5.4.jar:3.5.4]
	at org.apache.maven.surefire.booter.ForkedBooter.runSuitesInProcess(ForkedBooter.java:385) ~[surefire-booter-3.5.4.jar:3.5.4]
	at org.apache.maven.surefire.booter.ForkedBooter.execute(ForkedBooter.java:162) ~[surefire-booter-3.5.4.jar:3.5.4]
	at org.apache.maven.surefire.booter.ForkedBooter.run(ForkedBooter.java:507) ~[surefire-booter-3.5.4.jar:3.5.4]
	at org.apache.maven.surefire.booter.ForkedBooter.main(ForkedBooter.java:495) ~[surefire-booter-3.5.4.jar:3.5.4]

2025-12-10T18:12:01.780+05:00  INFO 48083 --- [User-service] [main] [                                                 ] t.w.u.service.AuthenticationService      : Update user attempt for: test@example.com
2025-12-10T18:12:01.780+05:00 DEBUG 48083 --- [User-service] [main] [                                                 ] t.w.u.service.AuthenticationService      : Updating password for user: test@example.com
2025-12-10T18:12:01.781+05:00  INFO 48083 --- [User-service] [main] [                                                 ] t.w.u.service.AuthenticationService      : User email changed: test@example.com -> newemail@example.com
2025-12-10T18:12:01.781+05:00  INFO 48083 --- [User-service] [main] [                                                 ] t.w.u.service.AuthenticationService      : User updated successfully: newemail@example.com
2025-12-10T18:12:01.782+05:00  INFO 48083 --- [User-service] [main] [                                                 ] t.w.u.service.AuthenticationService      : Refresh token attempt
2025-12-10T18:12:01.782+05:00  WARN 48083 --- [User-service] [main] [                                                 ] t.w.u.service.AuthenticationService      : Refresh token validation failed
2025-12-10T18:12:01.783+05:00  INFO 48083 --- [User-service] [main] [                                                 ] t.w.u.service.AuthenticationService      : Attempting to sign up user with email: newuser@example.com and phone: +79001234567
2025-12-10T18:12:01.783+05:00  WARN 48083 --- [User-service] [main] [                                                 ] t.w.u.service.AuthenticationService      : Signup failed - phone already exists: +79001234567
2025-12-10T18:12:01.784+05:00  INFO 48083 --- [User-service] [main] [                                                 ] t.w.u.service.AuthenticationService      : Attempting to sign up user with email: newuser@example.com and phone: +79001234567
2025-12-10T18:12:01.784+05:00  INFO 48083 --- [User-service] [main] [                                                 ] t.w.u.service.AuthenticationService      : User successfully registered with ID: 094fe96e-54d3-4565-97f9-bec009eda9ff
2025-12-10T18:12:01.860+05:00 DEBUG 48083 --- [User-service] [SpringApplicationShutdownHook] [                                                 ] o.s.w.c.s.GenericWebApplicationContext   : Closing org.springframework.web.context.support.GenericWebApplicationContext@7c891ba7, started on Wed Dec 10 18:11:59 GMT+05:00 2025
2025-12-10T18:12:01.866+05:00  INFO 48083 --- [User-service] [SpringApplicationShutdownHook] [                                                 ] j.LocalContainerEntityManagerFactoryBean : Closing JPA EntityManagerFactory for persistence unit 'default'
2025-12-10T18:12:01.866+05:00  INFO 48083 --- [User-service] [SpringApplicationShutdownHook] [                                                 ] com.zaxxer.hikari.HikariDataSource       : HikariPool-1 - Shutdown initiated...
2025-12-10T18:12:01.868+05:00  INFO 48083 --- [User-service] [SpringApplicationShutdownHook] [                                                 ] com.zaxxer.hikari.HikariDataSource       : HikariPool-1 - Shutdown completed.
